2FI1204,2PI1211,2FIC1201,2K-167A,2K-167,2K-169,2PI1301,2PI1212,2K175,2FI1203,2LIAS3250
31.8607769,34.91545868,31.65857124,-1.503837347,38.52441025,-0.259898782,49.61909485,32.36274338,29.99370766,1.871354938,22.0606308
33.68434906,35.35573959,29.74285889,-1.499703765,40.54723358,-0.241207734,49.95113373,32.85769653,31.72926521,2.040272236,6.408975124
34.76354218,35.60271454,34.34154129,-1.495570183,42.90359879,-0.229870528,50.49759293,33.04487228,35.69885254,2.22583127,6.793446064
35.29506683,35.94205856,33.60649872,-1.491436601,42.71556473,-0.225129142,49.37623978,33.32424545,35.79883575,2.237631559,13.45859623
33.69087601,35.335289,32.60406113,-1.487302899,43.16139984,-0.235098377,48.56140518,32.60842133,34.30511856,2.158609867,3.068412066
34.40568542,35.51992416,35.48222733,-1.485419869,45.0308342,-0.227201745,50.13978195,32.92348862,32.84191895,2.103823423,2.356874466
33.79494858,35.25845718,26.54071999,-1.484041929,38.09683609,-0.222078368,50.36169815,32.81735229,30.94282913,1.991133213,7.408426285
31.97018814,34.73284531,34.46761322,-1.482664108,41.15306473,-0.217435658,51.5296936,32.26538849,31.75998116,2.060352087,3.319148064
30.36619568,34.50457764,33.6190567,-1.481286287,42.15494537,-0.217013881,49.848629,32.05350113,27.65912056,1.694566131,1.94461894
32.24440765,34.94086075,21.08831215,-1.479908347,29.78448868,-0.224247679,50.62281418,32.48439407,27.75563431,1.795319557,16.26178551
29.77865028,34.18769836,32.06357574,-1.478530526,40.1417923,-0.217073873,49.68204117,31.6608429,21.90713692,1.515656352,4.884494781
32.7052002,34.56487274,30.11407852,-1.477152705,41.2494278,-0.217075109,49.98068619,32.13090134,28.37456512,1.752443552,-1.824612856
30.35678864,34.65786362,26.18115234,-1.475774765,35.2394371,-0.242332175,51.16283417,32.17056656,28.76979637,1.743772149,13.93729401
35.47645569,35.56425095,37.59871292,-1.48002243,45.86472321,-0.235309511,49.85446548,32.95319748,39.86704254,2.543887377,-3.833882332
35.38912201,35.54336929,29.37893105,-1.484618545,38.83683395,-0.227864578,49.26298904,33.20755005,37.24116135,2.434445858,2.210075378
31.30656433,34.66623306,26.17680168,-1.489214659,36.48540878,-0.23383233,48.96014786,32.08444595,28.15033531,1.855044484,10.08911514
33.57041931,35.30571365,21.91261101,-1.493810773,33.20514679,-0.235098377,48.47016907,32.72322464,30.32762718,2.053939104,16.3090744
31.43260193,34.742836,27.4313221,-1.498406887,34.92121887,-0.238715276,50.05405045,32.14574051,29.33968163,1.882441759,31.9982872
29.93995857,34.63107681,30.61133575,-1.503003001,38.96122742,-0.245249957,50.77482224,32.30938339,31.58311272,2.142259121,7.669614315
32.18341064,35.00590897,34.67690277,-1.507599235,41.86571121,-0.23962751,50.52226257,32.46250916,29.94784737,2.006494999,6.248957157
33.51953888,35.28522491,27.62827492,-1.511830211,36.92026901,-0.266708523,49.39129257,32.80706024,30.19849586,1.986072063,13.02084637
32.60960388,35.08124161,25.59708405,-1.511370778,34.88632202,-0.269322276,48.41566086,32.62935257,27.93676949,1.739570379,15.26263332
34.3547821,35.75810242,29.52299309,-1.510911345,42.68663025,-0.264033556,47.78819656,33.34720612,35.88675308,2.180937529,6.4263587
36.19955063,36.05028915,36.19396591,-1.510451794,47.26700592,-0.247395322,48.82326126,33.3597908,39.32892609,2.492138624,-1.418261766
33.27937317,35.5015564,28.67524338,-1.509992361,33.66622543,-0.246527657,50.43758392,32.79751205,35.74251175,2.303066015,31.76105499
32.26043701,35.25716019,32.14356232,-1.509532928,40.53452682,-0.25643295,49.81122208,32.67572021,31.94843674,2.087262392,9.493847847
32.67645645,35.26033401,29.93834114,-1.509073496,39.39720154,-0.242116868,48.59207535,32.75450516,31.27628517,2.065571785,9.352695465
32.91256332,35.11248779,28.32788086,-1.508614063,41.11192322,-0.256559372,48.3654747,32.61148453,32.12628174,2.047050238,0.492269129
33.23960495,35.27857208,28.53530121,-1.508062601,40.68286896,-0.258563697,47.71628189,32.81259537,30.49435234,2.054080009,6.941790581
32.10284424,34.81928635,30.93475723,-1.50714314,40.69010162,-0.253182858,49.68804169,32.33519363,29.71380806,1.842071414,-0.560723245
31.40241241,34.84063721,31.39201736,-1.506223559,39.38179016,-0.252059132,52.18258286,32.24361801,30.94664764,2.042850733,5.031608582
37.499897,35.87966537,37.51216888,-1.505303979,45.15697098,-0.246799305,51.32151031,33.35119247,35.40585709,2.328083277,8.269872665
33.21479797,34.74144745,27.97016525,-1.504384398,37.53977203,-0.239536345,49.59438324,32.34684753,28.58175468,1.777049899,8.717851639
31.26368523,34.72052383,29.18924332,-1.503464818,41.27354813,-0.245949075,47.30727386,32.06111145,27.19098473,1.602864146,2.621112108
35.03868484,35.25605774,30.67335701,-1.502545238,40.84521103,-0.241156891,49.59955597,32.74515533,36.95167923,2.373813868,4.640971661
32.59331512,35.18715286,28.69783401,-1.501625776,39.38874435,-0.220416144,49.95497894,32.76242065,29.80052757,1.905418277,-1.140443325
33.01150894,35.04608536,33.23773956,-1.502544165,40.11768341,-0.246069118,51.55947876,32.59242249,34.36811447,2.347927809,10.24862385
33.5837822,35.2208519,38.64928436,-1.507138729,45.70675659,-0.245949075,49.59179306,32.38452911,30.865942,2.158769131,-0.982631385
35.9150238,35.69989014,30.22161102,-1.511733174,39.53790665,-0.258970052,50.50753784,33.06058121,32.03848267,2.089191437,13.78104305
33.39189529,35.44271469,32.97040176,-1.516327739,43.86574173,-0.257101536,48.00558472,32.8211441,30.65004349,1.984158874,1.776418805
33.58993912,35.38058472,29.22790718,-1.520922184,38.96530914,-0.252088785,48.80994034,32.75883484,30.19627953,1.952516794,12.25941181
34.93699646,35.59082031,30.39936638,-1.525516748,43.30012131,-0.253638774,49.88214111,33.00107193,34.55180359,2.154942274,-0.284069657
35.75114441,35.83550644,27.21715927,-1.530111313,37.38425446,-0.256799757,50.70424271,33.18505096,35.34841919,2.257595778,12.58430481
34.30334854,35.30882263,32.85840988,-1.534705758,38.68518829,-0.270203203,50.09935379,32.85401535,32.73289108,2.061069489,22.27921295
35.49970245,35.6601181,31.64811897,-1.533575654,39.11779404,-0.221264035,49.48809814,33.05120087,34.65194321,2.175083637,20.92746544
33.75910187,35.14293671,26.25403786,-1.525755405,36.69861221,-0.235069424,48.36412048,32.61623764,29.71367836,1.812098026,13.92322159
34.66482925,35.74674606,27.5551033,-1.517935038,39.02220535,-0.224247679,48.80191803,33.28168488,32.29320908,1.981026649,9.978039742
34.34861755,35.57182312,35.24310684,-1.510114789,46.12534332,-0.227864578,50.06480026,33.12158966,38.47671127,2.394085169,-4.899885654
37.97348785,36.1852951,27.56177902,-1.502294421,39.7279892,-0.224247679,48.49650192,33.68302155,42.59799194,2.545421839,1.592674017
36.65287399,35.70924759,29.21424294,-1.494474173,38.7189827,-0.227562755,50.69372177,33.16760254,41.69015121,2.670885563,4.526233673
35.4394455,35.44590759,29.58577347,-1.486653805,40.01374435,-0.238350123,48.96593475,32.99610901,39.80002213,2.481372833,3.900365829
34.79771042,35.37310791,23.77666283,-1.478833556,34.69690323,-0.193055943,48.56362152,32.8915062,35.17822266,2.228022814,15.00843239
33.85692215,35.17306519,32.67733765,-1.47816968,44.19723511,-0.224247679,49.50629807,32.60506439,31.5342617,1.942733407,1.090892911
30.60069275,34.87112045,37.99059677,-1.482304692,44.22382355,-0.206801802,51.72473145,32.26190567,28.50663567,1.819076657,7.929213524
33.68373871,35.47728729,33.17560577,-1.486439824,42.34302521,-0.209019914,50.22507858,32.92241287,35.61201859,2.252508402,7.694009304
35.07693481,35.73793793,28.48824501,-1.490574837,39.45649719,-0.208808213,49.43193054,33.23126221,36.67085648,2.251964331,5.287209511
32.91707993,34.97958374,28.73537636,-1.494709969,35.87366486,-0.185649887,50.01898575,32.44174194,29.69827843,1.782344341,24.6448307
36.23973846,35.79713821,27.05796051,-1.498844981,39.02994537,-0.181269705,48.37757874,33.30290222,32.38196182,2.164909124,6.494051456
35.45788193,35.23978424,26.7209053,-1.502979994,37.85585785,-0.211632296,50.00922394,32.72183609,30.9535408,2.021800995,9.606826782
30.9210968,34.68534851,31.20762444,-1.507115126,37.59583664,-0.22566542,51.44677734,32.23857498,26.76259804,1.662278056,18.44062805
35.0998764,35.33788681,30.65985107,-1.508580565,38.87523651,-0.244611576,50.15819168,32.77070618,30.85589409,2.045122385,17.72809982
32.71160889,34.92085266,31.37529945,-1.509040356,40.74765396,-0.245949075,48.82860565,32.4717598,28.4853344,1.830077529,6.195025921
33.72774124,35.31010818,30.57359314,-1.509500265,38.14736176,-0.228897765,49.10549545,32.87325668,29.09064293,1.810108304,16.91900253
32.6593132,35.00942612,27.37027931,-1.509960055,39.29758453,-0.249900207,49.0318222,32.44184494,25.46242332,1.64895165,9.832369804
31.05478668,34.75159836,28.33172226,-1.510419965,37.69777298,-0.220478848,50.70087051,32.16948318,25.26174736,1.670165539,13.0356493
32.93905258,35.02852249,33.22126007,-1.510879755,40.87465286,-0.238837063,50.54670715,32.49407578,28.19734573,1.831614137,12.81826115
35.1727562,35.35231018,33.82141495,-1.511339664,40.00912094,-0.240204677,50.44327927,32.9236412,31.61833954,2.120215654,20.2232151
33.18073654,35.19758224,32.80947113,-1.511799455,41.29771805,-0.230577216,49.94170761,32.61080551,29.88642693,1.882456064,14.33426189
36.05741882,36.38609695,32.29209518,-1.506719112,45.46864319,-0.238198712,47.62376785,33.8262825,34.08213425,2.067040682,0.065574363
36.08110046,36.01296997,26.52692223,-1.500745296,39.88031769,-0.203511506,48.29158401,33.51905823,32.01785278,1.967920542,6.887934208
34.18182373,35.87444687,36.31576538,-1.494771361,45.7754631,-0.242332175,51.19698334,33.23591614,34.88418961,2.199311018,-1.762916327
34.89745712,35.6247139,32.54872131,-1.488797545,42.01891327,-0.244702756,50.79794312,33.10129166,32.0123291,2.034944773,3.927680016
34.85061264,35.50982285,32.67322922,-1.48282361,43.04835129,-0.227864578,50.57154846,32.78361893,34.18771362,2.159513712,-1.777515292
34.70869446,35.75849915,30.75824928,-1.476849675,46.30590439,-0.224247679,47.87521744,33.18451309,33.10017014,2.013091326,-7.047680378
35.14046478,35.5521431,26.39125633,-1.470875859,37.71939468,-0.22063078,48.20726013,33.07099152,31.54683113,2.028796673,12.01815987
30.92064476,35.24714661,33.12838745,-1.464901924,44.20001221,-0.217013881,48.93553162,32.70495605,31.83919525,1.914105535,6.978018284
33.88376999,35.81502151,31.91439629,-1.468482971,40.30886078,-0.19591175,51.80848312,33.25157166,33.05844879,2.175801516,11.36910057
33.00714493,35.37020874,27.731884,-1.472157836,39.16130829,-0.179262072,49.46547699,32.8633194,32.37350464,2.059642076,8.199349403
35.42892075,35.85445023,27.76634407,-1.47583282,38.02656174,-0.173732951,49.90326691,33.37520981,32.28586197,2.087672949,13.06856918
36.32082367,35.74116135,28.84882355,-1.479507804,39.74721527,-0.209780082,49.41918945,33.30607224,31.62981987,2.132363319,13.23270226
33.21880341,35.16690826,28.48072815,-1.483182788,39.453125,-0.222241387,48.27756882,32.637043,34.57417297,2.155069351,7.012566566
29.66716576,34.4066658,34.6300087,-1.486857772,40.05732346,-0.224459961,49.35140991,31.9662571,47.14857864,2.892190695,7.676194191
36.2807045,35.61403656,33.03757477,-1.490532637,41.60183334,-0.230377436,52.47167587,33.09522629,58.46959686,3.430672646,6.933092117
35.59466934,35.57978439,30.79636002,-1.494154096,37.60518265,-0.225616083,50.26011658,33.06919861,57.39081955,3.41934824,14.24534893
33.54077148,35.06721878,29.52082634,-1.497369647,36.54193497,-0.245949075,50.04572678,32.5351181,41.82090759,2.79002285,20.18220329
34.8156395,35.67290115,27.24975586,-1.500585198,37.82289124,-0.256136537,49.14096069,33.18252182,37.20703125,2.423247576,18.10192108
34.23718643,35.15200424,26.57667542,-1.503800869,38.74394226,-0.235675365,48.08092117,32.57488251,33.94173813,2.164386988,7.283639908
36.69067001,35.96566391,26.52492332,-1.50701642,37.82292938,-0.249778271,50.67753601,33.39369965,44.79837418,2.898680925,11.42243099
36.70059586,35.6818428,33.02895737,-1.510231972,42.14270782,-0.216163531,51.62311554,33.12073135,44.07140732,2.83792901,6.340508461
34.63038635,35.3212471,34.53317261,-1.513447642,39.40800858,-0.233031392,50.01425934,32.82570267,40.17750931,2.712304354,13.84355927
33.77997208,35.16925049,34.36672211,-1.516663194,43.59085464,-0.245949075,48.70265198,32.51445389,33.94853973,2.236849785,6.717977047
33.22616959,35.21081924,26.39612389,-1.518761992,35.81091309,-0.259150773,48.73917389,32.70441055,34.56669617,2.194227457,17.00473976
33.50862503,35.01860809,31.2196579,-1.517382622,41.10972595,-0.274884254,48.74951935,32.53183365,32.43710709,2.129202366,11.08385658
35.04707336,35.28887558,30.04525948,-1.51600337,41.54540253,-0.264214516,50.14170456,32.57194138,38.72732544,2.447700739,5.487857342
34.38811493,35.35658646,36.00055313,-1.514624,43.29273224,-0.245768145,51.05964661,32.80846786,35.05607224,2.231148243,2.003924847
36.35975647,35.69854736,32.90937042,-1.513244629,42.43587112,-0.256619513,49.9173584,33.1790657,47.42389297,2.803367853,1.645667553
35.6382103,35.45755005,29.071064,-1.511865377,39.24515533,-0.259330481,49.95740509,32.95970917,44.07865524,2.820508718,12.93324184
34.85521317,35.634552,30.69299698,-1.510486007,39.59531021,-0.235715359,49.01810455,33.10422897,43.08229828,2.757311583,19.83125305
35.40218353,35.63796997,25.88278198,-1.509106755,35.96281815,-0.243669093,49.62333298,33.1080513,36.90073013,2.457419872,16.44534874
36.88903046,35.75649643,30.62873268,-1.50720787,40.97945404,-0.256799757,49.96604538,33.24251175,43.24001694,2.744078875,5.784142971
32.84130096,35.02761459,41.98038483,-1.504448295,45.48416138,-0.255412549,51.18915176,32.45227051,30.24834824,2.143450737,22.05731392
38.21647644,35.94901657,31.97096443,-1.5016886,40.28803253,-0.24127762,49.53171539,33.3924675,63.39974976,3.623353004,16.02528572
36.93347168,35.7297287,28.92159653,-1.498929024,38.40060806,-0.259444386,49.7430191,33.27279282,61.35271454,3.489400148,3.300646544
34.87851715,35.40493774,32.34227371,-1.496169329,42.14405823,-0.245740011,48.30586624,32.66411209,47.53582382,2.835171938,2.141865492
37.33030701,35.73883057,30.20586014,-1.493409753,41.87282944,-0.212039784,49.0908699,33.21098709,62.61156082,3.459261656,12.55237961
37.14094543,35.78895569,34.50025558,-1.490650058,43.46077728,-0.245280653,51.55236816,33.29331589,48.0091095,3.013981104,4.933910847
35.37659073,35.56819916,34.98690796,-1.487890482,43.18092728,-0.250532478,49.46806717,33.13134766,45.05426788,2.842998505,9.395531654
33.97514343,35.32100296,36.32403183,-1.487016559,47.05110168,-0.237257525,48.64023972,32.8067627,41.9432106,2.618753672,-6.015099049
37.97401047,36.32311249,32.55139923,-1.487936616,43.15445709,-0.250814557,49.71468735,33.72718811,46.72932816,2.845688343,6.060002804
35.75984573,35.63628006,26.76943398,-1.488856673,38.84910202,-0.245949075,47.91145706,33.17268372,42.31549835,2.531683207,9.399496078
38.73880386,36.22881317,32.0164299,-1.489776731,43.46048737,-0.245949075,49.7685318,33.62031174,51.31100845,3.012901783,3.942625284
34.49347687,35.27013397,36.41137695,-1.490696788,43.17939758,-0.253182858,51.43224716,32.692276,40.70815277,2.628785849,8.761892319
37.42419815,36.00421524,28.92667198,-1.491616845,38.257061,-0.256950498,49.38428116,33.41144943,49.30154419,2.944565535,12.9540844
33.99158478,35.251194,34.79974747,-1.492536902,45.90084076,-0.253845185,47.85677719,32.69432831,41.57429886,2.582189322,-0.564930141
35.22455215,35.37430954,37.45047379,-1.49345696,48.33260727,-0.255292565,47.00082779,32.83864594,47.68437195,2.730477095,0.677747011
34.12198639,35.41449738,31.68579674,-1.495869398,43.31235504,-0.248927861,47.11749649,32.82518387,38.29574585,2.265407085,13.54796791
36.43867493,35.67842484,31.17326546,-1.499085546,41.43373871,-0.227110907,50.12230301,33.16030121,49.21631241,2.967605591,15.38488483
31.79083252,34.80949402,40.30537415,-1.502301693,47.77705383,-0.212672994,50.00690079,32.15663147,37.29655457,2.252874374,7.101739883
33.80080414,35.35033035,34.38273239,-1.50551784,42.87903976,-0.251511008,49.87785721,32.76395798,39.0787468,2.565154314,5.121157646
34.59999466,35.49241638,30.32138443,-1.508733988,42.42848969,-0.250112683,48.34376144,32.87324905,40.94644165,2.551038504,7.118810654
36.43531418,35.91654587,31.24438286,-1.511950135,39.85925674,-0.255172431,49.50564194,33.48836136,44.64284515,2.72008276,16.1545639
39.25128174,36.6060524,22.40648842,-1.515166283,35.67891312,-0.218018755,47.69800186,34.14587402,52.30552673,2.825039387,9.579939842
34.48739624,35.30084991,29.82255363,-1.51838243,43.04747009,-0.256799757,49.22977448,32.80822754,42.71397781,2.681998968,8.860262871
37.80226135,36.06162643,40.21411514,-1.515523195,45.21466827,-0.223036081,51.10827255,33.47325134,51.61506653,3.11106658,15.91607094
36.01212692,35.55045319,33.7243309,-1.510927796,39.73300171,-0.230936378,49.98165894,32.89520264,44.00543594,2.72315979,20.62924767
36.44351959,35.75171661,26.88558197,-1.506332517,37.85446548,-0.201041266,48.85545731,33.36767578,41.80545807,2.617090702,11.19067287
34.33795547,35.17174911,31.79480553,-1.501737118,44.76231766,-0.224491566,46.4238205,32.60912704,39.94140625,2.31743288,2.054567814
34.34556961,35.35914612,33.00373459,-1.497141838,45.66458893,-0.217013881,47.59794235,32.95514297,40.41081238,2.373619318,4.386072159
36.84708405,35.64171219,35.92447281,-1.492546558,46.2301178,-0.170416459,49.72393417,33.07301712,53.97141266,3.092648029,-0.05090645
36.74453354,35.70080948,34.78472519,-1.487951159,44.36741638,-0.2175266,48.51251602,33.18477631,49.72463608,2.875857115,12.90336227
35.08187485,35.71627808,39.71085358,-1.48335588,42.39512253,-0.201029897,49.33198166,33.07655334,45.98840714,2.804585934,17.23942757
32.65119171,35.52850723,23.87060738,-1.493349075,36.25125885,-0.227441013,47.88622284,32.98781967,37.18014908,2.248933315,8.262247086
31.99824142,35.13241577,28.19078636,-1.50483942,39.87464905,-0.211175561,46.68346786,32.79790115,38.89387512,2.385803938,15.2869215
36.04317474,35.94498825,31.80188179,-1.516329765,43.61891937,-0.231482342,48.08763504,33.29613113,51.32826233,2.825516462,17.07864761
29.87697411,34.40960693,34.98386765,-1.52782011,38.9528389,-0.231598765,48.97858429,31.8513279,36.54506302,2.347664118,42.43830109
34.37120438,35.22294235,31.51886749,-1.539310455,42.70111084,-0.278501153,47.89497375,32.74389648,44.84945297,2.614690542,18.85225677
34.55922318,35.18761063,30.79637146,-1.5508008,43.13146591,-0.259563982,47.14899826,32.88699341,42.22730637,2.514886141,1.353828192
30.34548187,34.65802383,30.38887024,-1.562291145,39.68487549,-0.282118052,47.4356041,32.24347687,35.4127121,2.130301714,12.16162014
29.54706192,34.25085449,26.28768921,-1.573212981,36.50891113,-0.261319518,45.65346909,31.7752533,31.97956848,1.872281194,21.82354164
29.69098091,34.44809723,26.16672516,-1.569539309,40.35758209,-0.288357586,47.51277161,31.97823524,34.70655441,2.098140478,2.053360939
28.65681267,34.67173767,41.41256332,-1.565865636,52.21610641,-0.282118052,46.73948669,32.00792313,33.40911102,1.926075459,4.104745865
33.43008423,35.23409653,30.15949821,-1.562191963,41.56436539,-0.278653085,46.99947357,32.69096756,34.28031921,2.048990011,14.27832985
30.22995949,34.89204407,26.47748375,-1.558518291,39.83943558,-0.27452293,47.16020203,32.47811508,32.02845764,1.967249751,4.200009346
28.93646622,34.41039276,34.97174454,-1.554844618,47.91666412,-0.260416657,45.37493515,31.91506577,30.74950218,1.724173784,6.440993786
30.31936073,34.85557175,25.11100197,-1.551170945,37.96676636,-0.260416657,46.86619186,32.33887482,31.34420204,1.858365059,14.66599274
31.32287788,34.7412796,31.92370033,-1.547497272,46.15644836,-0.277770877,45.55575562,32.28617859,31.12460518,1.872465849,-9.111746788
28.99145508,34.28487396,29.33691025,-1.543971062,42.12291336,-0.261843711,47.04984665,31.82832718,31.86647224,1.918887138,-0.996235788
29.741539,34.4460144,23.65651894,-1.541212916,33.4727211,-0.277041256,47.6464653,31.95068169,29.80277634,1.812696099,20.80953598
29.81163788,34.57779694,31.94948387,-1.538454771,41.81134415,-0.276089638,46.53391647,32.25349808,28.14308357,1.675604105,15.19487762
34.31960678,35.36368179,36.5909996,-1.535696626,46.96937561,-0.246953398,47.50349808,32.84723663,36.83060074,2.226830959,16.53018379
35.45434952,35.7281723,28.22099495,-1.53293848,46.33660889,-0.250590056,45.30453873,33.20727921,38.24146271,2.086361885,-13.42995453
33.4486084,35.33711624,31.97719574,-1.530180335,43.710186,-0.259814203,48.3652153,32.80908585,36.66819763,2.198782444,9.0825634
32.75192642,34.89419556,34.26416397,-1.52742219,42.11840057,-0.259929031,49.51127625,32.33346558,32.87516785,2.055911779,25.08931923
30.99022484,34.70607758,24.56705475,-1.524664044,36.09354782,-0.230667621,47.35072327,32.26328659,31.85398102,1.967461586,16.69352722
26.06121445,33.43616104,27.76336098,-1.522174954,38.85257339,-0.256799757,46.68701935,30.99682808,23.4215107,1.524530888,6.191514015
29.90181923,34.509655,29.00180626,-1.52033484,39.68476868,-0.256799757,45.75059509,31.89639282,28.55428314,1.574289322,15.84741879
30.96526146,34.5618515,26.07394791,-1.518494725,37.42013168,-0.215405703,46.05015945,31.98633957,32.24713135,1.885300517,20.73964691
30.05846786,34.68687439,36.67235565,-1.51665473,47.50735474,-0.246952444,48.25662231,31.99074173,33.25740051,2.026437044,-6.787059307
27.6489296,33.7858696,29.07963181,-1.514814615,39.71524811,-0.256799757,47.85433578,31.19504929,28.37248993,1.786174417,1.595128775
25.95270729,33.48496246,26.17351341,-1.512974501,37.40486908,-0.223067462,47.66098785,30.87940025,25.12400246,1.569717288,5.054952621
28.94920158,34.26440048,23.82989311,-1.511134505,35.84695053,-0.203450188,46.71342468,31.85750198,30.06072807,1.893653393,17.18617439
29.54592514,33.85113144,22.82425499,-1.509294391,34.82349396,-0.220963165,46.05177307,31.41993523,28.42591095,1.75197494,5.66690588
24.99223709,33.58798599,29.62589836,-1.508048654,43.04832077,-0.245949075,46.06536484,31.01557541,23.49515533,1.465054035,3.54741931
29.47223473,34.26172638,30.38676643,-1.507588863,39.32084274,-0.217014387,48.73516083,31.76794052,29.91537857,1.911323428,6.010464668
24.49720955,33.26573563,28.83323097,-1.507129192,35.26222992,-0.242424056,48.43545532,30.77719879,23.86386108,1.437701702,16.29448891
32.65520096,34.83015442,26.73794365,-1.506669521,40.00289154,-0.229537308,46.43989944,32.27391434,36.63068008,2.235316992,11.03491497
29.81244278,34.80461121,27.07976151,-1.50620985,38.58411789,-0.208057091,46.91214371,32.29981232,31.86836243,1.973662257,9.967384338
35.53466034,35.54338455,25.32825089,-1.505750179,40.80131149,-0.231295153,45.52381897,33.08637619,41.56993866,2.421150923,8.389979362
32.17681885,34.96225357,29.17139816,-1.505290389,40.31008911,-0.239169598,46.26118851,32.43254089,32.05339432,1.931921244,20.48755836
31.85238647,34.6832428,25.21741867,-1.504830718,37.83838654,-0.222740352,46.89004517,32.23199463,29.96078491,1.869625092,15.58030891
34.46060944,35.43654251,31.2667923,-1.503596067,44.16368484,-0.225934833,47.14543533,32.80566788,36.56718445,2.124019861,-2.933433056
35.10447311,35.6179657,30.25466347,-1.501758575,42.01388931,-0.232514292,47.68437958,33.02600861,39.60412216,2.312283278,10.35823536
32.15706253,35.1689415,34.45137024,-1.499921083,43.78806305,-0.22974892,47.14279175,32.55563354,30.91728401,1.897305489,19.23180199
34.63568497,35.72049713,30.54046249,-1.498083591,47.47402191,-0.212121591,44.95089722,33.16987228,37.08044052,2.113582611,-1.820152402
33.62253189,35.45977783,28.92292786,-1.496246099,42.30737686,-0.225584984,47.74889374,32.77845764,35.19975662,2.088262081,4.874515533
35.13661957,35.81300354,35.48165894,-1.494408607,45.95185089,-0.206376508,48.27687836,33.10937881,37.57161331,2.150507927,10.76131153
35.37055969,35.69375992,33.42325211,-1.492571235,45.09109497,-0.214666516,47.26469803,33.16636276,35.35879517,2.090329885,8.223711014
37.01813126,35.86860275,35.08889771,-1.490733743,47.63962555,-0.190608844,47.11891174,33.38560104,42.09346008,2.471075773,7.934175491
34.88586807,35.83875275,32.8685112,-1.491428256,46.78100967,-0.203005791,45.64180374,33.27949524,44.01965714,2.472124338,11.13915825
36.04206467,35.82455063,25.0159111,-1.493266344,40.59999847,-0.191215321,45.72424316,33.36509705,40.54139328,2.255012274,17.92237473
33.02742004,35.23095322,33.62106323,-1.495104551,45.7754631,-0.235458061,48.04672241,32.70833588,39.29492569,2.379333496,4.773282051
31.06736374,34.65284729,36.6156044,-1.496942639,48.80288315,-0.191695601,45.9982338,32.15762711,34.00421143,2.026070118,6.341935635
34.93309402,35.47924423,30.0118885,-1.498780727,39.72694016,-0.245949075,47.57600784,32.9721489,38.87840271,2.314003229,25.70210648
33.60240555,35.51972198,31.49489403,-1.500618935,42.89275742,-0.208508223,46.6590004,33.06728363,35.70963669,2.146336555,16.36095238
32.63126373,35.60691452,27.6841259,-1.502457023,40.85646057,-0.253905416,46.40634155,32.97367477,37.25185394,2.134506941,13.61418438
33.48976898,35.55774307,31.06093025,-1.50429523,45.86951065,-0.256435305,45.15962601,33.10263824,36.00476456,2.103351831,11.84427547
34.26829529,35.72117233,34.70421219,-1.504253626,45.88035202,-0.235824242,49.2697258,33.19387436,37.25463104,2.240675926,10.78369141
35.08113861,35.98285675,37.12178421,-1.503793955,50.91070938,-0.252459913,47.44681931,33.45625687,38.68246841,2.208349943,-3.641889811
32.24464417,35.36215591,31.29592896,-1.503334403,42.91827774,-0.264033556,46.77423096,32.6726265,31.77149391,1.924457431,16.50986862
33.96882629,35.26809692,24.82588387,-1.502874732,40.52748489,-0.242933333,45.53873062,32.8134079,31.54163742,1.858885169,12.22182846
30.12168312,34.78146362,27.49411583,-1.50241518,40.73225403,-0.217193589,45.61798096,32.15207291,29.60828018,1.560601234,9.913145065
34.8936348,33.00694275,46.28503418,-1.501955509,51.56173325,-0.22063078,46.56542206,30.19394875,29.49630547,1.834350467,20.54710388
36.0062561,33.97935486,31.02527237,-1.501495957,39.74620819,-0.191573858,47.56594849,31.37172318,31.54994202,2.004461527,15.68603611
37.01528931,34.49601364,34.14471054,-1.501036286,45.8041153,-0.253182858,47.01407623,31.98210144,41.58245087,2.520477772,3.098392248
35.77147293,34.0140419,30.30709457,-1.497962356,38.87400436,-0.24008444,47.66210175,31.3368187,37.51344681,2.396072388,25.28983498
36.42803192,35.42055893,34.24501801,-1.494746804,50.10477829,-0.24194029,44.99794006,32.86843491,45.9454422,2.483230352,-3.683782578
29.23233795,33.61916733,15.59307957,-1.491531253,26.34332848,-0.249596342,46.14543152,31.18271255,31.42750931,1.999374866,28.34011269
32.63619614,33.85313034,33.88708115,-1.488315582,47.23963547,-0.239348263,45.0742836,31.3026619,30.68811798,1.834068179,-4.961395741
32.64446259,34.17215347,33.14259338,-1.485100031,47.08885574,-0.193218574,44.64821243,31.57342911,30.72759628,1.903114319,0.8512339
33.2993927,35.23952866,29.76701546,-1.48188448,43.91637421,-0.222318754,45.39588165,32.76330948,33.17580032,2.056622028,5.922010422
31.62881851,34.73480606,29.78962898,-1.478668928,42.83607101,-0.203006178,45.79909897,32.25669479,29.89239311,1.800957203,8.963943481
34.96980286,35.47938538,25.47126961,-1.476796508,40.7389679,-0.211908162,45.28845596,33.02430725,35.39359283,2.175681114,15.51937962
30.13864899,34.90398026,32.43727493,-1.491493702,47.21328735,-0.230126262,45.3640213,32.39437866,30.02545357,1.633198142,12.27280998
32.42016983,35.02312851,32.25984955,-1.506191015,47.17763519,-0.232296318,44.87610626,32.5922966,29.6056118,1.734597802,-0.877115428
31.10409546,34.59897614,28.19091415,-1.520888329,41.15306473,-0.254098564,45.39560699,32.09939575,30.95373154,1.901251674,10.49178505
35.6772995,35.45727539,29.49265289,-1.535585642,43.74814987,-0.281819165,45.14248657,32.96598053,37.43844604,2.163110018,7.610005379
31.14980125,34.6350441,26.51532745,-1.550282836,41.41344452,-0.298561215,45.40039444,32.237957,31.61898804,1.945475101,4.672827244
34.33266449,35.40296936,19.6900692,-1.564980149,34.76990509,-0.303759426,45.35689163,33.01555252,33.554142,2.012140989,7.35486269
29.72177887,34.36743927,24.07969666,-1.579677463,36.92864609,-0.312937856,45.12434387,31.81207466,28.16842079,1.572026968,22.94225883
31.36676979,34.92326355,30.04208565,-1.590515971,44.78460693,-0.311388105,44.67947769,32.38358688,32.1006012,1.89573133,2.226280451
31.46239471,35.04083252,26.14960861,-1.585919857,42.5186615,-0.317253023,44.84192657,32.50439835,32.75824738,1.906130195,5.621947765
31.30068207,34.69535446,22.97380257,-1.581323624,36.3232193,-0.332031012,45.33837509,32.28991318,27.82144165,1.582147121,10.77533817
35.06786728,35.71663284,28.35439491,-1.576727509,44.12615585,-0.316949725,45.04047394,33.33813858,36.37622833,2.020720243,11.61310291
32.21460724,35.0254097,29.4934082,-1.572131395,46.146698,-0.304964989,44.78617859,32.47257996,31.45362663,1.855980277,2.573571682
33.44789124,35.06448746,30.94272804,-1.567535281,42.58744812,-0.294477612,45.97808456,32.51350403,35.39781952,2.174953222,13.34427261
35.25500488,35.29216385,29.00217628,-1.562939167,44.30710602,-0.305387497,45.31528473,32.81278229,39.13142395,2.258732319,8.440275192
33.19734192,34.84749222,27.39666748,-1.558343053,39.9488678,-0.289351851,46.56838226,32.43888855,33.85779572,2.036734581,5.316987514
31.55528641,34.68320847,30.06306267,-1.553442359,44.42665863,-0.280963421,44.91090012,32.10937881,31.87081337,2.003766775,4.429764748
33.01144409,35.10568237,30.20610428,-1.547925115,45.31973267,-0.275607616,44.8169632,32.55464554,33.76954269,1.992308736,5.467390537
34.0584259,34.99353409,26.19816208,-1.542407751,39.9956665,-0.274884254,45.43516159,32.6217041,34.23513412,2.005045891,11.24834538
34.31802368,35.06285477,29.7277565,-1.536890507,44.47079086,-0.258728206,44.97562027,32.51932144,36.70069122,2.15926218,6.407163143
34.1008873,35.01018524,30.76050186,-1.531373143,44.34741211,-0.247033656,44.7426796,32.47555542,35.71836853,2.051469088,17.39964485
40.04060364,35.22340775,27.88793373,-1.525855899,39.74334335,-0.245402366,45.95789719,32.79465866,45.79738617,2.634024382,24.74503899
33.99584579,34.19784546,32.13832855,-1.520338535,42.63492584,-0.238715276,47.2716713,31.55305481,32.02944565,2.057490826,8.768610954
31.67835808,34.26737595,27.43780899,-1.514821291,37.86168289,-0.253182858,46.72124481,31.79959106,32.56734848,2.069605827,10.58209038
35.75434494,35.91577911,27.20208168,-1.522100925,40.14756775,-0.264032841,47.21130753,33.49757767,39.54943085,2.273000002,10.26009369
31.34625244,34.90647888,31.21108246,-1.544170141,39.70684052,-0.288747609,47.59863663,32.50952148,31.52479744,1.91675961,22.72238159
32.24829483,35.1297226,29.85017967,-1.566239357,42.82664871,-0.29296875,47.01497269,32.56038666,31.87278366,1.926053047,9.835776329
37.70631027,36.21883774,36.53304672,-1.588308573,49.88606262,-0.317955345,47.06661987,33.72990036,42.42021561,2.3724792,-0.585786343
35.3551445,35.74252701,28.59267235,-1.610377789,41.6455574,-0.332754612,46.58781815,33.29035187,41.42042923,2.380553961,14.65046787
35.74029541,35.6048851,24.40102196,-1.632447004,35.01108551,-0.360656083,47.06280899,33.14312363,38.95676422,2.302379131,33.20056534
35.04998016,35.8041153,35.85570908,-1.65451622,50.2676506,-0.362328291,45.80640793,33.2687149,42.25697708,2.456618786,-3.637123108
38.0401535,36.42385483,30.8589077,-1.676585436,42.33625031,-0.372540504,47.45396423,33.8641777,44.64960861,2.556658268,12.71721554
34.76796722,35.5859375,39.03004837,-1.678607464,51.23336029,-0.397858799,46.13627243,33.09968948,43.14251328,2.498281002,5.677100658
35.23664474,35.57275391,20.05848122,-1.667109013,32.9591217,-0.384295404,46.76607513,33.06931305,36.16899109,2.123339176,20.33124352
37.37248993,36.1267662,24.10605621,-1.655610561,40.84614563,-0.369888157,46.07429504,33.69537354,44.32605743,2.490422964,-2.053773642
31.49540138,35.0904808,31.88098907,-1.64411211,41.62831116,-0.354456007,47.70685577,32.60417175,31.09284592,2.050724745,5.874265671
30.84906387,34.60832596,22.90835762,-1.632613659,32.27083206,-0.347222209,47.06803513,32.04154205,31.87482643,1.893963575,26.44043159
28.75724792,34.07823563,32.38860321,-1.621115208,41.66438293,-0.329137713,46.74537659,31.51618576,26.73216057,1.575954914,16.20464516
34.77601242,35.89936447,31.11430168,-1.609616756,40.53221512,-0.316949606,47.05529785,33.33782578,38.46289063,2.307384014,20.48730087
35.09823227,35.40885925,21.29623413,-1.598118305,37.19998169,-0.311053246,45.9256134,33.03519821,34.33983612,1.95083499,14.02016926
33.01705551,35.35537338,28.76434898,-1.588653684,39.6604538,-0.307436347,47.59976578,32.98383331,32.67277908,1.941597581,24.89091682
34.11138535,35.46029282,36.38864136,-1.579928756,46.1522522,-0.307436347,46.52085114,32.80063629,35.47462463,2.135166645,17.56225395
32.68343353,34.93787766,29.53462982,-1.571203828,40.38702393,-0.298363745,46.63272476,32.51041412,31.58034515,1.88144958,20.32659721
32.81132507,34.9890976,29.09905243,-1.5624789,39.83222198,-0.280416161,46.65480423,32.45275116,33.38961792,2.050640821,15.22138691
37.8153801,36.12866211,34.08893585,-1.553753972,48.47743988,-0.274884254,45.81207657,33.50943756,43.84579086,2.426171303,7.987970352
33.22063446,35.63426971,31.67708969,-1.545029044,41.871315,-0.271267354,46.47267532,32.95349503,32.57944489,2.012085199,13.11983395
34.32142639,35.40093231,27.88028145,-1.536304116,40.85190964,-0.260416657,45.52297974,32.72014618,36.16034317,2.109045029,12.74864292
34.05466461,35.37403107,31.84895325,-1.527579188,42.02796173,-0.264033556,47.06751633,32.87947464,36.24131775,2.092525721,23.23137283
33.72220612,35.43664169,35.18198395,-1.537347317,48.62919617,-0.266323924,46.07192612,32.79513931,36.56457138,2.132797718,-2.125338793
31.69100761,34.96358109,36.34082031,-1.550202847,44.15491486,-0.291401237,46.45522308,32.49142075,29.84032631,1.816952944,18.25121307
30.78343391,34.8756485,24.75987434,-1.563058376,35.46730423,-0.320999295,47.23656845,32.35756683,30.48478508,1.812289953,18.53767204
37.7450943,36.33903122,37.275177,-1.575913906,49.84128952,-0.353672624,46.25762939,33.63119125,41.99565506,2.351163387,7.49264431
32.74874496,34.90479279,30.18490601,-1.588769436,41.04137802,-0.351477325,46.66233444,32.34442139,32.61385727,1.972200394,19.03649902
33.32474518,35.55582047,32.86104965,-1.601624966,40.75792313,-0.350839108,47.1880455,32.95330811,32.0821991,1.98919487,18.22221184
33.04623413,35.48630905,32.71027374,-1.614480495,43.93005753,-0.350447476,46.440979,32.99525833,35.49631882,2.02756834,15.52076435
33.36074829,35.13969421,26.69551086,-1.627336025,40.21132278,-0.311053246,46.15354156,32.66540909,32.3350296,1.929607034,17.83040428
31.71756935,35.00089264,31.03835106,-1.624458313,40.51932526,-0.30044353,46.80979538,32.32819366,32.41100311,1.930754781,20.98810577
33.75500107,35.11829758,24.67905998,-1.621245623,36.35106659,-0.296585649,46.51420593,32.59260941,32.82669067,2.059979439,19.94766045
35.5437851,35.8996048,26.20256424,-1.618032813,39.53992844,-0.278501153,46.31402206,33.45204544,40.38219452,2.329958439,15.38440514
31.73246193,34.99369049,32.94766998,-1.614820123,45.83963776,-0.278229475,45.44680786,32.4594574,31.98015213,1.835776091,4.515118599
31.51890755,34.94026566,34.91417694,-1.611607313,45.40132141,-0.299780577,45.87556076,32.38702393,31.30945587,1.850009203,14.65009499
32.75657654,35.15000916,32.8734436,-1.608394623,45.97386551,-0.310510814,45.77063751,32.79539871,32.59140778,1.911597133,4.225003719
31.83703995,34.99905014,31.28487015,-1.605181813,41.50958633,-0.328504473,46.2579422,32.41169357,29.95369911,1.77621007,16.72952652
29.82369614,34.66099548,28.97454262,-1.601697326,44.52763748,-0.329137713,45.52070236,32.13621521,30.17583656,1.678001523,1.175190568
33.6194458,35.36423492,33.60381317,-1.595728755,46.02764511,-0.325520813,45.91643524,32.91764069,35.82104111,2.0494771,2.497526646
33.22887421,34.80545044,31.41604805,-1.589760065,43.68368912,-0.312047899,46.2687149,32.44222641,32.5930748,1.927191138,9.323430061
36.19689941,35.82835007,34.27096558,-1.583791375,45.42766571,-0.294083983,46.95809174,33.27871704,43.37290955,2.468309402,15.39973927
35.91866684,35.80461502,32.24183655,-1.577822804,44.46833801,-0.282118052,46.70672226,33.24169159,42.30692673,2.457036018,11.63077641
35.40779877,35.80626297,28.53326416,-1.571854115,41.69740295,-0.279857516,46.28563309,33.29916763,40.96219254,2.367162943,14.34301949
35.82471848,35.70874786,29.78739166,-1.565885425,43.72556305,-0.264033556,46.34091949,33.17531204,42.03508759,2.47337842,7.709354401
36.58884048,36.01296234,35.69549942,-1.559916854,46.62683868,-0.276873559,46.74858856,33.32501221,48.82847977,2.591797829,11.04422188
32.92762375,35.24942017,32.13512039,-1.55678606,43.01425934,-0.276632547,46.92216873,32.77056885,37.8182869,2.157389879,12.24102402
35.39781952,35.84204483,34.15996933,-1.563669324,46.30714798,-0.278501153,46.79341888,33.3241806,41.09716034,2.448676109,2.092097044
37.03279877,36.20181274,30.74220085,-1.570552588,45.43185806,-0.295018405,46.57820511,33.67443085,43.41540909,2.406414747,0.660769641
33.62265778,35.30071259,32.10965347,-1.577435851,45.70493317,-0.296585649,46.13049316,32.75349045,37.08555603,2.113959551,12.96709538
34.05995178,35.67203903,37.3730278,-1.584319234,51.74334335,-0.311053246,45.28940201,33.08940506,38.27042007,2.137913227,-1.725659966
36.12518311,35.75357056,33.95390701,-1.591202497,46.8385849,-0.325520813,44.99333954,33.28911209,51.92775345,2.667304039,16.1747551
34.39572906,35.61672211,31.22332001,-1.598085761,45.24835205,-0.313675761,45.31214523,33.09616852,44.50247955,2.370125771,14.81679821
38.28804398,36.39785004,32.86666489,-1.604969025,49.42430496,-0.314670146,45.23164749,33.94057083,54.77253342,2.746069908,7.352501392
34.61572266,35.69669342,38.1893158,-1.606872678,49.16253281,-0.313946903,45.35804367,33.05503845,46.59098434,2.460630417,21.65626717
31.98359489,35.26434326,31.37563515,-1.599061966,44.82056808,-0.306231201,44.85289383,32.73220825,37.07563782,2.063055515,7.569159985
32.36871338,34.93630981,24.75601387,-1.591251373,39.63914108,-0.300202549,44.6619072,32.41713715,33.0388298,1.887802362,9.567679405
32.41268158,35.05152512,29.41672134,-1.583440781,43.21504593,-0.311387569,45.09353638,32.58311462,34.4649086,1.887347102,12.662117
31.53650284,35.09329605,32.25466156,-1.575630069,44.81119919,-0.311053246,44.72928619,32.67038727,34.23625946,1.895863295,8.233439445
38.72625732,36.53493118,27.45155334,-1.567819476,46.51725006,-0.300202549,44.57937622,34.03947449,44.21029282,2.300767422,-13.27695084
32.59776688,35.12268448,29.12930298,-1.560008764,45.07234573,-0.29296875,44.66525269,32.5931282,33.76885605,1.901091933,10.23231411
32.09459305,35.27457809,34.17896652,-1.552198172,46.85186768,-0.289351851,44.69842911,32.76014709,35.73298645,2.027639866,17.74184608
33.81123734,35.53676987,28.48084068,-1.550820112,46.53501129,-0.29296875,43.57810974,33.0774765,36.85290527,1.996187687,0.110731289
36.31230927,36.01343918,30.32973289,-1.556794047,45.95630646,-0.282540202,45.42063141,33.63969421,39.62700653,2.134145737,10.62917233
36.66804123,36.1273613,30.14501953,-1.562767982,42.51968384,-0.282118052,45.12701797,33.60044861,40.09201813,2.15081811,17.02895927
32.90470123,35.18658447,37.36255646,-1.568741918,54.02199173,-0.274884254,44.15719604,32.58275604,38.62404251,2.121697903,3.116712332
34.80748749,35.92330551,34.91230011,-1.574715853,49.00329208,-0.271267354,44.98124313,33.2454567,39.19704437,2.110435247,23.89248657
33.09560776,35.22678757,26.6761837,-1.580689788,41.37659836,-0.289351851,44.57912827,32.74217224,33.68714905,1.841718793,11.96167374
30.86060715,34.84980774,30.19469261,-1.586663723,41.66593933,-0.305977166,45.39170074,32.29550934,32.48940659,1.815706134,27.19971657
39.53836441,36.7048111,35.79324722,-1.592637539,54.6151619,-0.313849151,44.44646072,34.20228958,48.89382935,2.358198643,8.326648712
34.69536972,35.88738632,37.62140274,-1.604917765,53.62960052,-0.311965227,44.65287781,33.25097656,40.99753952,2.191366434,6.971356869
33.15616989,35.36967087,38.16876602,-1.621475458,53.75795746,-0.313697278,44.59996414,32.85771942,37.97967148,2.07121563,-5.31383419
31.91757011,34.88580322,34.47441101,-1.638033152,52.12314987,-0.325520813,43.2026329,32.30692673,36.42206192,1.77435267,-0.83864069
35.25636673,35.72699738,30.5708847,-1.654590845,50.29657745,-0.32799226,44.29845047,33.37683868,42.14586258,2.174764633,1.132790923
37.87778473,36.27965927,33.5148201,-1.671148658,52.12035751,-0.3664518,43.65966034,33.72450256,56.8784523,2.65234375,7.99600172
34.68180084,35.56712341,21.40241623,-1.687706351,39.84806442,-0.38206476,44.0110054,33.03456879,45.41708755,2.302527189,9.15350914
32.05958939,35.1076088,35.01026917,-1.704264045,55.24087143,-0.407280833,42.37373352,32.59341431,45.32696533,2.168909788,11.71173859
34.09640884,35.51815414,29.62460136,-1.720821738,48.81385803,-0.423177063,43.39966583,33.00126648,40.88683701,2.061964512,10.89927673
34.94669724,35.55776215,26.6027813,-1.719542503,43.0160141,-0.401475698,43.46563721,33.17895889,39.08580399,1.990000725,20.09487534
34.1359787,35.484375,40.7645607,-1.71173048,60.46395874,-0.406991482,42.56131363,32.89271927,41.80197144,2.046693325,3.470481157
36.87133408,36.12086487,20.47891235,-1.703918457,39.42818069,-0.390625,42.95172882,33.6509819,44.99590683,2.218115568,15.87703991
31.47218132,34.87511063,32.15747452,-1.696106434,47.7315979,-0.383391201,43.24920273,32.32660675,35.25561523,1.810509205,20.67644119
32.29938889,35.13547134,25.66519928,-1.688294411,43.62260056,-0.372540504,43.74202728,32.59006882,35.94295883,1.949625492,13.39390755
35.20436096,35.59526062,38.94021225,-1.680482388,59.60647964,-0.372540504,42.65376663,33.06297302,44.11892319,2.124060392,1.23807919
33.04034042,35.09874725,28.34915161,-1.672670364,45.92013931,-0.371172935,43.41003036,32.49250031,38.29297256,1.914868474,10.8526392
32.45306396,35.03093338,31.43199348,-1.664858341,51.11521149,-0.365306705,43.22505951,32.40853119,36.77661896,1.869868517,4.703629971
33.13348007,35.1644516,31.340662,-1.664960504,53.86290359,-0.361689806,40.95056152,32.62117767,35.82908249,1.804304481,3.645246744
33.34657288,35.20335007,28.93157005,-1.666339278,46.8128624,-0.354456007,43.45539856,32.67181015,38.10767365,1.98496747,17.77220345
36.53841019,36.01986313,37.40767288,-1.667718172,60.91941452,-0.354456007,42.2445488,33.46397018,51.09592056,2.31221652,1.926368356
31.62735367,34.86952972,31.5213871,-1.669096947,49.55150223,-0.347222209,42.82349777,32.38749695,37.60913467,1.952639103,9.032546997
33.84662628,35.34184647,37.75511551,-1.670475841,54.64309692,-0.350839108,43.29304504,32.71910858,40.52730942,2.060744762,23.937603
33.74573517,35.21061707,35.55065918,-1.671854734,57.62046432,-0.350839108,41.78351974,32.72898102,39.66697311,1.897536397,-3.478847742
33.86136627,35.49780655,34.39881134,-1.673233509,50.18592834,-0.37196812,43.31231689,32.93379974,39.88025284,2.057389498,18.08509827
32.072258,34.93141174,38.74643707,-1.674612403,56.86125183,-0.379774302,43.00207901,32.29569626,34.7153511,1.849771738,5.919494152
30.43384933,34.77050018,31.60065842,-1.689232111,51.9686203,-0.362412602,42.42105484,32.31377411,34.33854294,1.82668221,1.310061932
31.88574791,34.99859619,33.96260071,-1.703963041,47.89857483,-0.398345232,43.76963425,32.49848175,33.39172363,1.862739205,25.08918571
33.39365387,35.0134964,29.43498993,-1.718694091,50.33409882,-0.434027761,42.19016266,32.46933746,34.83805466,1.833407998,-2.626657963
34.0063591,35.09332657,38.90393066,-1.73342514,56.63256073,-0.452112257,42.50398254,32.52614212,38.13032532,2.040566683,2.625252962
37.14159393,36.13272858,33.93361664,-1.748156071,52.45225525,-0.452203333,44.14337921,33.58933258,51.54829407,2.529192686,7.999470234
35.77569199,35.6236763,35.58829498,-1.76288712,55.57053375,-0.470196754,43.90389252,33.04962921,54.50933075,2.609607697,-2.513557673
33.75711441,35.17389679,24.08512878,-1.77761817,42.65455627,-0.452142507,42.96382523,32.70211792,42.47170639,2.213860989,21.8427887
37.22095871,35.77005005,25.41241074,-1.789433241,45.98885727,-0.477431267,41.88497543,33.29716873,54.92634964,2.437757492,13.00737286
35.78886032,35.43735123,34.58798218,-1.782520771,56.15254593,-0.48828125,42.67647934,33.05264282,43.24599838,2.128619909,-0.104659177
33.05058289,34.76639557,23.13121223,-1.775608301,41.17115021,-0.48828125,42.88347244,32.31612015,46.55979538,2.322951555,5.565193653
32.49492645,35.00785828,31.16090202,-1.768695831,52.016922,-0.463206649,41.76431274,32.40081024,41.11166763,2.021267653,2.413563967
28.4321804,34.48196411,39.51279831,-1.761783361,60.96871948,-0.444878459,41.10251617,31.86665916,34.70631409,1.76138556,-5.208099842
35.59560394,35.50323868,23.30099678,-1.754870892,40.79861069,-0.437855661,43.72029114,33.05266571,47.18330765,2.375002384,19.09776115
35.37019348,35.62001801,31.70051575,-1.747958422,51.45881653,-0.434027761,42.90537643,33.10572815,45.08561325,2.272498369,15.86196232
31.00889587,34.64503098,28.20718575,-1.741045952,46.75930786,-0.427788407,42.98641586,32.1778183,38.98292923,2.050719738,-0.037357077
32.55273819,35.27682877,25.94503021,-1.731235504,44.26361084,-0.434027761,42.76816559,32.78647995,42.10503387,2.138710022,10.61058807
33.25721741,35.21510315,25.03730583,-1.714193702,42.67935181,-0.433183432,42.81368256,32.68978119,55.32408905,2.530337811,20.29837418
30.60979843,34.75260544,32.57414246,-1.697151899,53.38922119,-0.398831606,42.08819962,32.29566574,63.23873138,2.862893343,4.267555237
32.84465027,34.87350082,27.19901466,-1.680110097,42.90078735,-0.372540504,44.03559875,32.57374954,69.83816528,3.408175945,21.56199265
35.9467392,35.79646683,32.58968353,-1.663068295,51.81613159,-0.372540504,43.5994606,33.35138321,55.34803772,2.680239677,56.59142685
3.123936653,29.29872704,10.09509563,-1.646026492,-0.196711689,-0.365945131,43.17633438,26.99546814,0.18618679,0.438900709,67.19860077
1.163433671,23.60477257,3.558381319,-1.62898469,-0.157350183,-0.351538241,43.55027771,21.28500557,0.171918646,0.475862354,60.28551483
2.087415934,18.05825806,8.432058334,-1.611943007,-0.095908456,-0.319746494,43.94143295,15.73948574,0.157650501,0.509505987,67.39941406
0,14.19728088,4.852599144,-1.600092411,-0.079571761,-0.305868953,43.56536484,11.96776104,0.143382341,0.528439999,78.3266449
0,12.05985641,4.110469818,-1.595030427,-0.219628245,-0.301844567,44.16428375,9.734986305,0.129114196,0.550444484,28.10794067
0,10.24699306,3.989164352,-1.589968443,-0.240447775,-0.313818842,44.17422104,8.018332481,0.114846051,0.563848436,48.24489975
0,9.402300835,8.082070351,-1.584906459,-0.241036043,-0.317382783,44.11884689,7.105382442,0.100577898,0.567908823,36.163414
0,8.626443863,12.44827747,-1.579844475,-0.213457629,-0.307436347,44.56986618,6.398636818,0.086309753,0.566367507,18.44247627
0,8.083974838,4.162501335,-1.574782491,-0.191695601,-0.29296875,44.10589981,5.816269875,0.079571761,0.568963528,19.63866997
0,7.541505337,3.353535652,-1.569720507,-0.193805933,-0.284529865,44.00177383,5.245827675,0.079571761,0.570746422,0.932893932
0,6.999035835,4.858111858,-1.564658523,-0.209780082,-0.29296875,43.61865997,4.675384998,0.079571761,0.566619456,33.30023956
0,5.906954765,2.375234127,-1.563554168,-0.18928498,-0.279929936,44.26508713,3.636206865,0.079571761,0.570484519,32.95555115
0,4.256079197,3.043064594,-1.565391898,-0.174274191,-0.271267354,44.25260162,2.035612106,0.079571761,0.573409081,-23.38504028
0,3.509096861,2.873273611,-1.567229748,-0.189598173,-0.271267354,44.25321579,1.238826156,0.079571761,0.568678379,-23.24638939
0,2.762114048,0.658480763,-1.569067597,-0.047019675,-0.264033556,43.47425461,0.442040294,0.079571761,0.559506476,53.42864609
2.995182753,3.717279673,2.762461185,-1.570905328,-0.057870369,-0.271267354,43.04392242,1.38971734,0.079571761,0.617616653,-9.361531258
9.517429352,15.71885967,27.02801323,-1.572743177,32.91284943,-0.278501153,42.69419861,13.29375553,31.18540192,2.912831783,-7.938531876
9.740393639,20.94592285,22.10620499,-1.574581027,25.43753242,-0.282118052,43.06747055,18.7065506,37.87464142,2.888452291,27.96502113
32.94421387,34.78005219,22.88479614,-1.576418757,41.96325302,-0.289351851,42.11719513,32.39122772,43.37762451,2.245554447,-0.301284671
32.42891693,35.03868866,28.26873398,-1.580514193,48.56770706,-0.302914977,41.97278595,32.49084854,58.69274521,2.706676483,4.984175682
35.60810471,35.78125381,30.0111866,-1.585570812,51.43317032,-0.31231901,42.24471664,33.26213455,65.88274384,2.947973967,9.811701775
23.34179497,33.24621964,19.97515106,-1.590627432,35.60112762,-0.323170543,42.79325104,30.79650497,33.09288406,1.866185308,8.069029808
24.29323578,33.41979218,20.91683388,-1.595684052,37.05509949,-0.325520813,42.41964722,31.00237274,36.32866669,2.100833654,5.113334179
26.534729,33.97570038,32.9086647,-1.600740671,49.33281708,-0.318287045,43.91530609,31.42447853,59.92361832,2.98945117,5.949666977
33.46760941,35.38702774,26.44540977,-1.60579741,45.56153488,-0.318287045,42.51452637,32.84914017,64.05992889,2.918533802,-6.519395351
36.44192886,35.73124695,32.69218826,-1.61085403,56.62977219,-0.328377962,42.17707062,33.14505005,76.99594116,3.641404867,4.947638512
36.45888138,36.08659363,33.70500946,-1.615910649,59.36414719,-0.329137713,41.93233109,33.47867584,76.85908508,3.613693476,4.607479095
34.5283165,35.55277252,41.83526993,-1.620582104,70.31973267,-0.329137713,40.97869873,32.81332016,72.20973206,3.229308128,-20.18208694
32.487854,35.14482498,27.50082588,-1.625176668,45.2401619,-0.325520813,43.04532623,32.6369133,56.30492401,2.742301464,27.76924896
37.08738708,36.20718765,30.39186478,-1.629771113,55.88771439,-0.34360531,41.79819107,33.74406815,67.82403564,3.05070138,3.023240566
36.33219147,35.93647385,31.80389977,-1.634365678,53.12535858,-0.361932814,42.39414978,33.2696991,63.18946838,2.870634556,18.80447197
37.81893921,36.10244751,33.43355942,-1.638960123,57.27510071,-0.380075216,42.37664413,33.51868057,65.76221466,2.992500067,11.47683334
36.96589279,35.98243332,27.38868523,-1.643554688,51.35097122,-0.387008101,42.10678482,33.46566772,68.30569458,3.006214857,3.946424961
35.50007629,35.5581665,27.35126495,-1.648149133,49.3657074,-0.368984073,42.39957428,33.04346848,64.71353912,2.941461563,10.51003551
33.5341301,35.40828323,33.26944351,-1.652743578,54.00059128,-0.343909949,43.07254028,32.86579132,54.86365509,2.645460367,6.710669518
35.30123138,35.49458313,30.56793022,-1.650712967,53.01287079,-0.329408854,42.54043961,32.966362,53.28483963,2.512724161,8.254774094
32.8244133,35.20143509,32.02371216,-1.648414135,53.43785858,-0.332754612,42.14369202,32.64996338,51.61093521,2.52093482,7.248038769
36.35932922,35.95972061,29.47445869,-1.646115184,51.98948288,-0.350413471,42.33956909,33.44615555,63.88164139,2.898090839,9.03608799
36.50069046,35.92695236,28.04602242,-1.643816352,48.6839447,-0.346709847,42.61876297,33.38689423,63.81627655,2.841264963,26.54266739
37.32421875,36.39146805,33.01009369,-1.64151752,59.18498611,-0.32612893,41.81687546,33.87374496,70.67996216,3.070817232,4.023994923
36.64002991,35.92894745,29.31863213,-1.639218569,51.86631775,-0.335672289,42.68957138,33.4208107,66.3526001,3.016886473,8.459956169
36.80270386,36.16188431,29.42297935,-1.636919737,55.18192291,-0.346431762,41.78416824,33.57978058,60.1065712,2.633386135,-3.989372015
32.73529434,34.9260025,30.85265732,-1.634447455,47.51477432,-0.34360531,43.69634628,32.40779495,37.58345032,2.100666523,27.72989464
33.86345291,35.5238533,31.39771843,-1.630312443,58.0568161,-0.336371511,41.53189087,32.85838318,33.39966965,1.728294611,-5.2756567
38.36833572,36.46910477,37.06310654,-1.626177311,60.81934738,-0.332754612,42.40106583,33.85219574,47.02770996,2.300834417,1.340936184
37.68362808,36.34406662,33.4762764,-1.622042298,57.21932602,-0.330313265,42.24571228,33.73310471,57.61818314,2.61942935,7.051454067
38.25382996,35.97195435,28.76602554,-1.617907166,51.59548569,-0.329137713,42.64650345,33.45544434,53.9133606,2.547938585,11.70848465
35.95232773,35.82543945,26.47069359,-1.613772154,46.4239502,-0.313302249,42.53743744,33.36502457,39.68576431,2.044883728,23.52655983
35.87644196,35.93383408,32.22582626,-1.609637141,53.46917343,-0.325520813,42.17840958,33.40284729,39.70221329,2.007525206,21.90324783
35.07923126,35.45986557,27.13068962,-1.605502009,51.26224136,-0.318287045,42.00614548,32.98222733,37.77155304,1.985535264,7.816274166
34.11499023,35.49165726,29.69958687,-1.6021837,51.7578125,-0.29296875,41.74583817,32.88481522,36.12005997,1.885745525,10.05659771
34.93314743,35.78263474,29.08286667,-1.601724148,51.77590179,-0.274884254,42.3376503,33.3074379,34.72258759,1.873377681,18.73404312
32.07499313,35.01761246,31.2875576,-1.601264477,54.37512207,-0.260416657,41.9025116,32.59155273,28.58350372,1.52265799,-0.489993721
37.08836746,36.4354248,31.46481323,-1.600804925,59.26880646,-0.260416657,41.75469589,33.93795013,41.6594162,1.973327398,0.79154712
36.91532516,36.22218323,34.90769196,-1.600345254,62.40603256,-0.274884254,41.52071381,33.79804993,40.71970749,2.043754101,4.074119091
38.58071136,36.58893204,30.80459785,-1.599885702,58.24668503,-0.271267354,42.22645569,33.98283005,50.93843079,2.297641516,3.399321556
36.369133,36.27397919,32.152668,-1.599426031,56.50473785,-0.278501153,42.30706024,33.73366928,39.81680298,2.035799503,17.40050125
37.54433823,36.59244919,31.08712196,-1.59896636,57.35679626,-0.294184417,42.05883408,34.0627327,44.00679779,2.038416147,8.736521721
37.92119217,36.40798187,31.94888306,-1.598344803,59.34547424,-0.300202549,41.64247894,33.71050644,41.97790146,2.010500193,6.281251431
38.91979599,36.57439041,30.13501549,-1.597426057,56.45013046,-0.348225176,41.94267273,34.10628891,47.9375,2.211999655,7.257781506
35.55047607,35.73371887,31.21932602,-1.596507311,56.02414322,-0.361689806,41.59195328,33.15933228,33.32256317,1.67211473,1.365362048
35.25037003,35.82565689,36.50517654,-1.595588684,59.05049515,-0.368923604,42.47781372,33.32250214,38.85235214,2.013163328,-1.496949553
36.44008255,36.21302032,29.24515152,-1.594669938,51.37791061,-0.353793025,42.47554016,33.64897919,42.94590759,2.101846695,15.30309105
36.87001038,36.25933075,27.16304016,-1.593751192,49.26759338,-0.325520813,42.50862885,33.87402725,45.97346115,2.27762866,16.08677864
34.75337219,35.61574173,32.19865417,-1.592832446,53.5879631,-0.332302779,42.34070969,33.04651642,36.11287689,1.893764138,14.10366726
37.75387573,36.30861664,36.26006317,-1.5919137,66.29789734,-0.292637289,41.39818192,33.63667297,52.72124481,2.316785574,-9.200705528
36.56669617,35.93591309,37.14043427,-1.589233637,64.00478363,-0.278288424,41.63848114,33.29894257,46.69061279,2.243619204,-0.202092573
37.63806534,36.12851334,34.80749893,-1.584639192,61.71392441,-0.263943195,41.6919136,33.5078392,52.8278923,2.374680996,0.128049746
36.11751938,35.88218689,33.07343674,-1.580044627,54.69038391,-0.256799757,42.1146965,33.25257874,38.7972908,2.002366543,21.6058197
36.36387253,35.92745209,31.65538025,-1.575450063,58.40506363,-0.253182858,41.597332,33.47253799,38.8588028,1.943951726,7.154746532
39.74867249,36.89697266,30.52825165,-1.570855618,57.84141922,-0.253182858,42.16242981,34.39847183,47.36903,2.233759642,0.951952338
34.10916901,35.69158173,35.08115005,-1.566261053,59.71498871,-0.253182858,41.56764221,33.139534,33.24833679,1.787330747,4.071004868
37.12820435,36.46195602,33.0358696,-1.561666608,56.67908859,-0.260416657,42.35877991,33.84745789,48.26027298,2.291140795,23.44634438
38.40323639,36.55008316,31.48153877,-1.557072043,60.23044968,-0.253695309,41.52733994,34.05210495,58.55926132,2.470308304,9.116639137
37.44883347,36.58213806,33.74147797,-1.557497025,58.2011261,-0.256191701,42.10715866,34.02045441,51.26642609,2.303346157,17.45718384
41.10731888,37.0672226,37.14810181,-1.561172605,74.38825226,-0.253182858,41.01084518,34.3288765,54.57175827,2.327680588,-13.27013779
37.25109482,36.36568832,34.56070328,-1.564848185,64.60873413,-0.25399676,41.019207,33.64942551,43.56164169,2.062456131,-2.09628129
37.86946106,36.58986664,33.55140305,-1.568523765,59.28139877,-0.255887657,42.2850647,34.05840302,39.7547493,1.970671296,16.44882202
35.80870056,36.0021553,34.81024933,-1.572199464,62.7105217,-0.264033556,41.43514252,33.43913269,35.01151657,1.721454382,-8.70348835
36.72194672,36.30105591,33.01344299,-1.575875044,60.40225601,-0.264033556,41.627491,33.77151108,36.76939392,1.872254848,-8.487668037
38.12755966,36.2915535,31.61032486,-1.579550624,59.90656662,-0.271267354,41.67687988,33.67717743,39.28010178,1.956181407,2.792122126
36.594841,36.45541382,32.48947144,-1.583226204,54.22758102,-0.280750126,42.5386734,33.83533096,37.11958313,1.870895028,22.92184639
35.53360367,35.86045074,32.71064758,-1.588923812,56.87433243,-0.286397427,42.1918869,33.23546982,32.18553162,1.666967869,12.30078888
36.71795654,36.02891922,29.43948364,-1.595351696,51.74334335,-0.29296875,42.31581116,33.47123718,37.00070572,1.867464185,20.9889183
36.71726608,36.16850662,31.59351158,-1.601779461,55.02397919,-0.307436347,41.90924835,33.55459213,37.67676544,1.908815503,16.12199974
34.09165955,35.56557846,30.65682793,-1.608207226,52.28949738,-0.311053246,41.90756607,33.00289536,31.24843216,1.637335062,12.42457962
33.45875549,35.37719727,31.97917557,-1.614634991,56.01128387,-0.316297472,41.37429428,32.8374939,31.63137627,1.539044619,9.376970291
35.53777695,35.51845551,31.20734596,-1.621062875,54.11087418,-0.325520813,42.07550812,32.93153763,30.10876274,1.59800601,15.39033413
37.0412674,35.85222626,28.00663757,-1.62749064,51.83015442,-0.332754612,41.83110809,33.40319443,34.84307098,1.746001244,16.18392372
37.95307159,36.26781464,29.71701241,-1.633918405,56.17788315,-0.331478059,41.44722748,33.70370483,43.68733597,2.103288651,9.501317024
40.09900665,36.65578842,28.47037697,-1.630895257,54.29326248,-0.325520813,42.32687759,34.03697586,53.3038826,2.413838148,12.02885342
35.27994537,35.79269409,31.91152763,-1.626294136,51.83737564,-0.325520813,42.50590515,33.33532333,42.93326187,2.165229321,31.45149803
36.27994919,35.96845627,30.86468124,-1.621693134,51.39875412,-0.329137713,42.79201889,33.34859848,38.51877594,1.976569653,7.584063053
37.1339035,36.13050842,30.91181564,-1.617092133,54.87565994,-0.325520813,42.14595413,33.69180679,50.83519363,2.324381828,9.431520462
36.58707047,36.13641357,33.19397736,-1.612491131,56.09732819,-0.325520813,41.97446823,33.61400223,55.2842865,2.580205441,16.27256584
37.07462692,36.1646843,29.66636467,-1.607890129,50.82617569,-0.318287045,43.2443161,33.50727463,49.60502243,2.368504524,23.0387516
34.0936203,35.65616989,32.48105621,-1.603289127,53.57710648,-0.311053246,42.6969986,33.04947662,37.95934677,2.016806602,20.61141586
37.2550354,35.90166855,27.74706459,-1.598688126,50.50886536,-0.306160003,42.15529633,33.58213043,40.0788765,2.133995533,15.27796936
35.8327713,35.9552803,31.91160965,-1.592264533,54.74898529,-0.296585649,42.19110107,33.21648026,46.70500565,2.308971405,14.81894016
37.59373474,35.99191666,27.51361275,-1.58583343,49.84809113,-0.299746841,42.0819397,33.5368042,43.11367416,2.245747566,21.18294144
37.02318573,35.98641586,30.87272835,-1.579402208,54.02788544,-0.296254247,42.2995224,33.42764664,38.78062057,2.018581152,3.939729691
30.68125534,34.80835342,33.32997894,-1.572971106,52.17414856,-0.307436347,42.00553131,32.15567398,30.67824936,1.668530226,9.536624908
31.67418861,35.27778625,34.97806931,-1.566539884,52.97031403,-0.310901165,43.251091,32.67015076,32.64612198,1.779760003,19.33301926
35.33502197,35.76563263,31.8691864,-1.560108662,54.296875,-0.29296875,41.54820251,33.32804108,39.26930618,1.971653461,3.711382866
35.72369385,35.91532898,35.99896622,-1.553677559,67.14201355,-0.29296875,40.96084595,33.18558121,51.63460922,2.277851105,-17.2557106
37.42510986,36.32172012,33.52171707,-1.547976255,57.20486069,-0.275066882,42.92173767,33.72883606,55.34288788,2.502582073,3.78259635
36.17707825,35.92060089,30.83194351,-1.547516942,50.43040848,-0.274884254,43.36587906,33.40711594,46.44384384,2.375555992,19.6319313
36.61962509,36.02494431,33.61857224,-1.547057629,52.58969879,-0.288500398,42.7191658,33.57207489,40.7457962,2.091155052,15.50957108
33.93017197,35.61577988,31.76034355,-1.546598434,56.46186829,-0.289894521,41.23100281,32.93873596,31.94810486,1.59248805,2.618143797
33.02560425,37.19515991,23.48907089,-1.546139121,45.81891632,-0.282118052,42.70553207,34.70396423,41.90660858,1.988564849,33.40884781
36.89276505,37.41697311,34.5973053,-1.545679808,62.09490585,-0.296585649,42.46230316,34.74845886,49.70703125,2.21723032,12.04563522
33.11910629,36.46931076,40.35009384,-1.545220494,60.51064682,-0.29746747,43.21895218,33.85477829,36.96283722,1.930801868,17.65582848
35.13915253,36.79417801,37.12290573,-1.544761181,65.54878235,-0.289351851,41.54730988,34.11322403,49.1644783,2.174046993,3.854824066
36.61700058,36.5352211,30.16084099,-1.544869423,56.62257004,-0.278501153,41.54546738,34.06093979,39.90882492,1.994586587,7.34222126
32.47357559,35.66799545,38.93991852,-1.546705604,59.68507385,-0.279747456,41.99637985,33.06202698,33.28923798,1.759107351,17.89434433
34.68187714,36.46249771,31.97463799,-1.548541784,58.03661728,-0.278501153,41.74492264,33.85416412,38.27990341,1.87706387,5.680464268
37.0919838,36.54547501,25.98535919,-1.550377965,45.8140564,-0.289351851,42.99927139,33.94173431,36.39864731,1.883143425,27.28851128
35.52145386,36.28626633,37.07934189,-1.552214146,56.185215,-0.29296875,43.1944809,33.76476669,44.40465927,2.078595161,17.7151432
34.64885712,36.32967377,30.0430851,-1.554050326,51.72406006,-0.29296875,42.5530014,33.77394485,35.48804092,1.854622126,12.46348953
32.05049515,35.96137238,33.12789917,-1.555886507,54.89030075,-0.29296875,42.25773621,33.27499008,34.06391525,1.763200998,2.200357914
37.72242737,36.74406815,34.35822296,-1.557722688,58.81913757,-0.289351851,41.67472458,34.0846405,52.10216141,2.34953475,21.62676811
35.12121582,36.12330246,30.84601021,-1.558038354,50.85721207,-0.289351851,43.21263885,33.64372253,41.55213547,2.170957804,26.50175095
33.14437103,35.67672348,38.9706192,-1.555743098,64.13471222,-0.278501153,41.19279099,33.0727005,37.3711319,1.815408349,-3.72864151
31.94244385,35.29688263,36.69142914,-1.553447843,59.50878906,-0.277356118,41.93546295,32.72089386,33.05447769,1.711831808,6.163976192
34.63949203,35.89949417,31.22890282,-1.551152587,52.48781967,-0.278501153,42.68689728,33.4446373,39.34499741,2.054706097,20.99301338
35.2098465,36.12983704,29.04668808,-1.548857331,53.59519577,-0.282118052,41.25620651,33.55392456,41.95278168,1.973192811,7.536126137
38.46645737,36.72484207,29.46386528,-1.546562076,57.06090927,-0.282118052,41.49993515,34.23011398,48.19639969,2.077914238,1.899819255
34.44850922,35.95298767,35.38143921,-1.544266939,57.4629364,-0.289351851,43.50340652,33.34118271,37.23334885,1.9794451,11.03709984
34.5529747,35.82410812,33.73920822,-1.541971684,55.4244194,-0.289351851,42.5982933,33.28363037,38.15499878,1.919522643,2.960900784
35.80085754,36.34177017,31.48261261,-1.543941617,58.92396927,-0.289807737,41.32607651,33.7958374,48.828125,2.159851313,-2.694463491
31.48241806,35.47422028,37.32527161,-1.550370455,59.20864105,-0.300202549,41.90962601,32.86023331,35.39485168,1.837347746,6.931940556
35.75338364,36.26886749,33.02157974,-1.556799412,57.33146286,-0.307436347,41.50788498,33.6867981,45.34152603,2.197608948,10.1917057
34.48648834,36.11083984,32.2468071,-1.563228369,53.16535568,-0.310902923,42.55138397,33.46652603,37.04844666,1.839202642,25.02330971
34.3747406,36.16005707,26.5495491,-1.569657207,43.36225891,-0.311053246,44.1612854,33.71793747,37.07915497,1.97347784,21.10144997
33.14051819,35.39109421,39.31174469,-1.576086164,57.17230988,-0.311053246,43.26919174,32.72644806,41.9753418,2.211933136,28.21235466
35.03331375,36.16744614,34.34819031,-1.582515121,54.48841858,-0.311053246,42.56650543,33.62397003,39.59274292,2.073404551,17.61593437
34.03479385,36.00769424,40.61561966,-1.588943958,62.22460175,-0.307798237,41.84384537,33.45563507,44.55779648,2.170236826,17.29421234
35.2480278,36.15955353,30.66031075,-1.590311289,53.2869873,-0.310540646,41.61329269,33.52494431,43.00553894,2.061725616,17.40483475
33.01887512,35.5569458,35.45923233,-1.588476419,55.59153366,-0.300202549,43.31775665,33.01773453,33.06829834,1.807448506,8.089730263
35.00024414,35.89510727,31.81840897,-1.58664155,52.43055344,-0.296585649,42.99742889,33.35095978,36.05036163,1.902460933,17.2851162
32.69392014,35.74149704,37.6544075,-1.584806681,59.09297562,-0.29203409,42.09124756,33.14247894,34.04656601,1.708154082,9.167821884
32.1665802,35.49258804,31.60903358,-1.582971811,52.42601013,-0.29296875,42.73367691,32.90121078,31.55768776,1.707283378,12.52260208
35.02275085,36.22132874,24.77867699,-1.581136823,44.93996048,-0.29296875,42.51398849,33.69655609,37.62207794,1.939687133,27.36100006
34.13750839,35.78881454,28.3781395,-1.579301953,49.83000565,-0.29296875,42.51028442,33.26681137,36.55925369,1.834192276,20.27268028
37.28810501,36.83002853,38.35266876,-1.577467084,66.25101471,-0.29296875,41.8560791,34.21631622,53.58271408,2.277591705,-2.835592747
36.74798584,36.48219681,39.33715057,-1.577301979,61.78757095,-0.29296875,42.60188675,33.88593674,53.594944,2.465615749,17.62932968
37.99602127,36.86388779,35.34872437,-1.577761412,64.11672211,-0.28552264,41.43878937,34.2961731,57.85948944,2.39525795,-11.79698563
36.55053711,36.08001709,28.46970558,-1.578220844,51.71440887,-0.282118052,42.01179886,33.54824829,50.70544052,2.374956131,14.93327045
32.04997635,35.51218414,31.71978378,-1.578680277,53.57984924,-0.291009337,41.72206116,32.9400444,32.7995224,1.799016953,14.50881863
37.79851913,36.60961533,27.0402813,-1.579139709,49.51423264,-0.296585649,42.89987946,34.29397583,41.45616913,2.076200962,10.77097607
37.77748489,36.83160019,33.37860107,-1.579599142,58.03795624,-0.295187563,42.56402969,34.06411743,41.33286285,2.0333426,4.446783066
35.52832413,35.82089233,34.67286301,-1.580058575,56.41637802,-0.29792279,42.52017593,33.25742722,37.23288727,1.87999928,5.521615505
34.72462082,35.89103699,34.22654724,-1.580518007,55.72013855,-0.298926294,42.66654968,33.19979477,46.04455948,2.307544708,22.71330452
37.84553528,36.62922668,26.95443535,-1.579797864,49.96964264,-0.296585649,42.22237778,34.13389587,43.69679642,2.094153881,18.33178329
34.51436615,36.10374451,35.05495453,-1.578878403,61.04084778,-0.296585649,41.90460205,33.50543594,38.14809036,1.922044396,5.256934643
36.57100677,36.32041168,36.44573593,-1.577959061,60.63368225,-0.296585649,42.41898346,33.70314407,40.57616425,1.991708398,22.53945732
35.74188232,36.4944458,34.49537277,-1.577039719,57.20847702,-0.289351851,42.59898376,33.82715607,39.7289238,1.94597578,4.157330513
33.27935791,35.8067131,38.47562408,-1.576120257,57.47612762,-0.296585649,42.42945862,33.31674957,33.37360001,1.738637328,19.60477638
36.76719284,36.41231918,31.54559898,-1.575200915,52.71445465,-0.297254354,42.72005844,33.91099548,39.97008896,2.086411476,19.97408485
36.71011734,36.38362885,29.60772896,-1.574281573,54.04685974,-0.296585649,42.57400894,33.90581512,41.67747879,2.163530588,10.98531437
36.74008179,36.4726944,31.37652969,-1.573362112,56.78530121,-0.282118052,41.99992371,33.89155579,45.69813538,2.098579168,12.25017262
37.22484207,36.41165543,27.79950714,-1.571987152,48.73046875,-0.274884254,42.78862762,33.95512772,41.68759537,2.048890829,12.21537399
37.24409103,36.41772842,36.69583893,-1.570606351,65.14008331,-0.271662354,42.09223938,33.88753891,49.11648178,2.246169329,-3.857398272
36.01000977,36.51337051,35.7636795,-1.56922555,55.86752319,-0.282118052,42.96107483,33.85108948,37.81680298,1.944130898,15.8472929
35.54811478,36.45300674,32.28090668,-1.567844748,55.54393005,-0.282118052,42.69404221,33.85064697,41.90919876,2.138913155,11.57009029
37.2833786,36.52687073,34.54462051,-1.566464067,59.62834549,-0.296585649,41.77222443,34.0283165,46.00424194,2.173068762,4.267476082
35.42921448,36.08900452,39.08296204,-1.565083265,60.89048004,-0.29296875,43.2243309,33.47223282,43.06182098,2.120430946,14.94672585
38.89570618,36.92056274,34.66268539,-1.563702464,59.44659424,-0.289351851,42.01417923,34.39684296,48.4303093,2.193663597,0.398508787
36.79943848,36.43214798,28.39443016,-1.562737465,48.6328392,-0.289351851,43.01247025,33.87322617,41.58114243,2.17312789,22.05959892
38.28284836,36.8293457,29.41819763,-1.564575553,55.55749512,-0.282118052,41.85330582,34.22729874,53.52220535,2.395083427,-0.808488488
34.48180008,35.68100739,25.15717506,-1.566413641,42.02599335,-0.282118052,43.50945663,33.24155426,43.89704514,2.332250834,38.50466156
34.59389877,35.83998108,30.61760712,-1.568251848,51.69629669,-0.274884254,42.63673401,33.21229553,47.19738388,2.261096001,19.29297256
35.83850479,36.23468781,34.68653488,-1.570089936,56.93721008,-0.264033556,42.74762344,33.72639084,47.89483261,2.289026976,12.14692974
38.90929031,36.71356964,32.06497574,-1.571928024,55.44161987,-0.288387477,42.88022614,34.35972595,59.84527969,2.644060135,-0.287940562
35.66814804,36.03183746,35.11376953,-1.573766232,59.46541977,-0.300202549,41.26913452,33.40552902,50.43763351,2.247889757,21.06485558
36.57028961,36.44820404,34.91086578,-1.57560432,71.28903961,-0.296585649,39.94441605,33.87817383,57.44835663,2.243061543,-23.9938736
39.16154861,36.43592834,30.69296265,-1.576967597,60.04442978,-0.296585649,41.0020752,33.94708252,56.14323044,2.393037081,-1.783336163
33.47790146,35.65668488,31.11521339,-1.576967597,52.12673569,-0.296585649,42.57014465,33.13657379,38.32465363,1.940501213,23.0057621
35.46936035,35.85230637,30.45127678,-1.576967597,55.13822937,-0.296585649,41.25246811,33.37381363,48.0194664,2.111765623,26.3203125
37.08396149,36.34711838,33.3034668,-1.576967597,60.210495,-0.294184774,40.5033493,33.69797134,44.06464386,1.925530314,9.770478249
34.29875946,35.62391663,29.18261147,-1.576967597,55.01663589,-0.300202549,40.46721268,33.11352158,39.50014496,1.847401142,34.25597763
34.57575607,35.61262512,35.93698502,-1.576967597,65.83535004,-0.296585649,40.03540802,33.04514694,44.56377792,2.011326075,7.863116741
35.62804413,35.91283035,36.82362366,-1.576967597,75.22104645,-0.289351851,39.28723145,33.28791428,35.45396805,1.568814635,-4.635255337
35.48714447,36.21827316,45.10357285,-1.576967597,74.33569336,-0.29296875,40.97303772,33.47254181,33.84654999,1.630882621,12.0511198
36.91253662,36.24331284,29.16641617,-1.57474792,57.21133423,-0.289351851,40.72980118,33.76389313,39.91312027,1.79050231,8.331268311
35.66368103,36.20595551,27.5441494,-1.568784595,54.45948792,-0.289351851,40.84092712,33.60656357,30.61062813,1.390473962,9.776712418
37.77577591,36.51914597,28.98282623,-1.56282115,61.19646072,-0.282118052,40.48773193,33.95154572,35.28645706,1.638391376,7.10623312
38.01626205,36.79335022,31.47143745,-1.556857705,77.94276428,-0.27370882,39.208992,34.17210388,45.18487167,1.74966228,-41.0733757
36.51032639,36.3228569,42.46946335,-1.55089438,79.67648315,-0.271267354,40.10350037,33.66002274,32.6171875,1.584732175,18.24155617
34.50576401,36.05849457,44.87845612,-1.544930935,84.55288696,-0.264033556,39.51493454,33.1931839,30.43692398,1.348875403,-1.197100759
34.50852203,35.98008347,40.43829346,-1.538967609,81.39105988,-0.264033556,39.26565552,33.36508179,32.12992859,1.350197554,-9.860718727
35.93532181,36.15424347,27.29520035,-1.533004165,57.19400787,-0.263370812,39.93890762,33.62160873,38.25431061,1.680505395,19.29216766
38.0667305,36.58388519,29.6987133,-1.531737089,62.81105042,-0.260416657,40.13763809,34.04070282,34.34246445,1.603755116,11.191535
34.80351639,35.85319901,28.33864212,-1.535407543,54.6380806,-0.256799757,40.85127258,33.33544159,34.60254669,1.677631617,17.57718277
35.12800217,35.58103561,24.25928497,-1.539077997,45.41930389,-0.260416657,41.64699554,33.14913559,29.62934303,1.40649426,27.26242256
37.13004303,36.42499161,32.25878525,-1.542748451,62.12176895,-0.260416657,40.48387146,33.96030045,39.48175049,1.760732651,-0.886811018
36.2111969,35.96278381,33.23205948,-1.546418905,64.865448,-0.256799757,39.99204254,33.52565384,32.59548569,1.519298315,2.578038454
37.9861145,36.38520432,27.48201942,-1.55008924,56.50115585,-0.263973236,40.48950958,33.8527565,32.93909073,1.640877962,14.44592476
34.92705536,35.84841156,25.158741,-1.553759694,56.31826019,-0.271267354,40.12017822,33.41801834,31.99750137,1.492580175,-4.635887623
35.04527283,35.69941711,37.67174149,-1.557430148,67.12129211,-0.281786114,40.36058807,33.11193848,32.05056763,1.498402357,17.9786644
35.02531433,35.73986816,35.69766998,-1.560824394,66.93793488,-0.296133488,40.20512772,33.30012512,30.30387688,1.432215095,9.106739998
35.81611252,36.05347061,33.00432587,-1.564037681,65.95413971,-0.29296875,39.87678146,33.43738937,32.79030991,1.534770131,-2.254864216
37.88982391,36.36078262,35.02732086,-1.567251086,75.30381775,-0.295892328,39.46199799,33.85107803,35.0397644,1.525831461,-6.530657291
34.85319138,35.72471619,36.37130737,-1.570464373,74.15007019,-0.300202549,39.08143997,33.18081665,33.05872345,1.493005872,10.73814392
37.38037872,36.12903595,33.8332901,-1.573677659,73.27706909,-0.300202549,39.44293976,33.63784027,42.45452499,1.837273002,-3.333672523
36.75743103,36.23060226,37.80835342,-1.576890945,66.21394348,-0.302373528,41.04924011,33.67284775,49.84382248,2.209609985,16.84312057
34.93893433,35.80301285,33.87993622,-1.580104351,60.33347702,-0.307436347,40.72236252,33.13670731,41.97382736,1.907774806,15.99469471
35.06758499,35.95211411,22.41071129,-1.583317637,46.53165054,-0.302817374,40.62902069,33.37592697,36.28833771,1.757861495,17.79522705
35.04270172,35.81417465,31.0743618,-1.582201004,61.42767715,-0.307436347,40.05625916,33.25819397,29.460392,1.41020906,-2.840009689
34.01311111,35.53272629,29.6576519,-1.579441905,60.4383812,-0.307436347,39.61444855,33.06143951,31.27252197,1.366857886,3.35171771
35.49840546,36.08544922,39.16336441,-1.576682806,69.26359558,-0.303242743,40.65245819,33.42246628,26.8694973,1.266510367,20.29092216
38.50812912,36.81563187,29.35969353,-1.573923588,61.79964828,-0.296585649,40.21289444,34.33808136,35.54315186,1.599544883,0.870051503
37.229599,36.53149033,31.76712608,-1.571164489,70.20394897,-0.291220695,39.88402176,34.00764084,43.94199753,1.793627143,-12.93975925
37.16299438,36.08220673,30.18474007,-1.56840539,57.50125504,-0.29296875,40.45689774,33.57782745,46.56902695,2.086786032,30.43146515
37.23585129,36.2793808,33.50673676,-1.565646172,75.79575348,-0.278501153,39.11480331,33.72269058,45.99609375,1.846938252,0.561212957
37.08545303,36.63990021,33.1594162,-1.562887073,65.00471497,-0.274884254,40.55017471,34.11394501,46.02405167,2.001665831,12.29800606
36.77171326,36.45720673,41.28749084,-1.560129642,83.98658752,-0.278501153,39.90385818,33.66083908,55.18443298,2.23881197,-1.158688903
37.76483917,36.65333939,32.62501907,-1.557372451,64.43074036,-0.274884254,40.27069092,34.09011459,45.47914886,1.913691282,18.82347488
38.69157791,36.72857666,27.7546978,-1.554615259,57.4942131,-0.273588479,40.62304688,34.41133118,45.62112427,1.974670649,7.07439661
35.65365601,36.14881516,38.27045822,-1.551858068,83.70347595,-0.259241432,38.7923584,33.47047424,37.85640335,1.5964849,-10.30790615
36.88074875,36.1266098,24.47467041,-1.549100757,50.05786896,-0.245949075,40.87356949,33.80241776,31.59438133,1.53978765,24.88811874
34.2603035,35.58766174,36.93204498,-1.546343565,70.09189606,-0.245949075,39.76420975,33.07001114,27.41046143,1.312992096,18.73113441
34.36649704,35.58806229,36.55440521,-1.543586373,62.41358185,-0.257643461,40.8330307,32.97705841,25.93677711,1.312584877,36.86597443
34.38941574,36.04184723,36.28129196,-1.540829182,67.6133194,-0.260416657,39.79938126,33.43925095,34.20565033,1.644001365,6.455474377
34.53556061,35.85079575,40.29547501,-1.547164917,71.46509552,-0.271267354,40.138134,33.19643402,33.6219902,1.625535011,20.13200378
31.98357582,35.37909317,30.56810379,-1.553602934,59.95191956,-0.275370389,39.50365448,32.88169479,22.96621513,1.182551742,7.018449306
32.55690002,35.24153519,26.98438263,-1.560040951,50.5859375,-0.278079331,40.8147583,32.61690521,28.28612137,1.363723636,27.28153229
34.54183578,35.47520828,30.63105011,-1.566478968,52.74491501,-0.278501153,41.58560181,32.99055099,25.43432999,1.312481642,34.29984283
33.82678986,35.55095291,31.11559486,-1.572916985,55.18741989,-0.289351851,41.46413803,32.94843674,23.69948006,1.243529201,18.51146507
35.43946457,36.21488953,30.97951317,-1.579355001,61.22685242,-0.29296875,40.07902527,33.6828537,28.55028152,1.327871203,-4.492260456
31.08042336,35.07510757,41.11679459,-1.585793018,71.01055908,-0.29667592,39.80474472,32.40121841,29.18834305,1.446321487,32.16965485
33.78515244,35.71809387,30.50470734,-1.590980411,57.46666718,-0.300185204,40.44949722,33.12880325,31.23091316,1.488733411,19.40873337
36.43759155,36.33178329,32.87546921,-1.587301612,63.53079987,-0.29296875,40.55597687,33.87805939,37.52402878,1.714450002,16.50307846
37.38459778,36.475914,33.08524323,-1.583622813,62.23596573,-0.2931512,41.0366745,34.01455688,37.46706772,1.711335301,4.640581608
35.44678497,36.04696655,33.15692139,-1.579943895,56.03646088,-0.296312064,41.21359253,33.64439011,36.14530182,1.782508492,31.20417404
36.01160049,36.24873352,37.33750153,-1.576265097,76.78991699,-0.289686263,39.0455246,33.60383606,39.28528214,1.697765708,14.40221214
38.24698257,36.45800018,35.43346405,-1.572586179,65.12589264,-0.278896451,40.54957581,33.75547409,42.84287643,1.86755693,13.71437836
37.8893013,36.39583206,25.62505341,-1.56890738,51.29875183,-0.278501153,41.63926697,33.88879013,44.60361862,2.090184212,23.80768204
38.84729767,36.59643555,27.27403831,-1.565228462,59.24595261,-0.278501153,40.37528229,34.07118225,55.61762619,2.244195223,4.36952877
37.12424469,36.15192413,30.16248131,-1.561194658,56.04750824,-0.278501153,41.4406929,33.77220154,37.31915283,1.813559532,20.59199142
32.80023193,35.38414001,46.57841492,-1.556141615,80.26631927,-0.278501153,39.83285141,32.63918304,29.71669579,1.420140147,7.056367397
36.72786331,36.21038055,38.45078659,-1.551088452,75.25231171,-0.26585713,39.73394394,33.5214119,35.60639191,1.679000378,25.71660995
39.94841003,36.9281044,24.74201012,-1.546035409,63.88630676,-0.256799757,39.74546814,34.51309586,38.85705566,1.657924175,-16.21802139
38.66695023,36.49682236,25.41289711,-1.540982366,51.77951813,-0.254307419,41.77503967,34.00024033,34.24754333,1.654406905,31.95685768
34.5201149,35.97711182,31.91929436,-1.535929322,58.99223709,-0.256799757,40.57084274,33.31991196,28.08491707,1.278544903,-0.235882416
33.83691025,35.75851059,34.56929779,-1.530876279,65.30332184,-0.260416657,39.79973602,33.34340286,30.19774818,1.354899883,7.856033802
34.86672974,35.70588684,28.79424667,-1.525823116,52.21320724,-0.254689842,40.83523941,33.28261185,31.36566353,1.492758632,28.98703003
36.22618484,36.02331924,28.09218216,-1.523775697,54.21557617,-0.256799757,40.01152802,33.59955597,28.84777451,1.384603739,1.416139841
30.01057816,34.74869156,25.58438492,-1.526534796,49.46832275,-0.260416657,40.53528976,32.1611824,21.40676308,1.167862535,16.46852112
34.53139114,35.36353302,33.01677322,-1.529293895,61.42891312,-0.264033556,40.27755737,32.85447693,29.44601059,1.347270846,6.703727245
29.83191299,34.52137756,29.08439636,-1.532052994,51.33548355,-0.262375712,41.24461365,31.9333744,23.09420776,1.254683256,6.025008678
34.28629684,35.72563171,35.14362717,-1.534812093,67.90726471,-0.267194808,39.38653946,33.15591812,35.75160217,1.690316439,-3.592748642
38.01818848,36.72950745,37.14616013,-1.537571311,74.43264008,-0.264974415,39.93085861,33.97144318,39.90381622,1.772432327,-3.414717436
36.60493851,36.30011749,35.96154022,-1.54033041,72.59143829,-0.271267354,39.83984375,33.68656921,48.58099747,2.017760038,8.625787735
33.87531281,35.30565262,31.57636452,-1.543089509,54.52315903,-0.264033556,41.57152939,32.73270035,30.3420105,1.441253781,29.51797867
36.01753616,36.05426025,31.25139618,-1.543460488,58.37673569,-0.27244243,40.76231384,33.4812851,30.61125946,1.395201921,-0.050178915
37.51836014,36.34839249,32.72369385,-1.541622043,60.3589325,-0.271267354,40.56150436,33.86502838,34.98839951,1.589233637,32.00551605
35.8127861,36.25701523,30.88315582,-1.539783597,61.05910492,-0.271267354,40.17869949,33.71472168,40.24871063,1.865651131,7.011282921
37.41300201,36.47621918,25.99780083,-1.537945151,56.40936279,-0.276088059,40.38445282,34.00998688,38.342659,1.775861859,2.61235261
39.51622009,37.04522324,30.23359299,-1.536106706,66.6914978,-0.274063945,40.25359344,34.43570328,46.22854996,1.824305177,-2.260658026
34.88822937,35.97561264,34.64361954,-1.53426826,68.70656586,-0.264033556,39.46572876,33.36217117,32.90052795,1.629099727,9.485092163
35.97551727,36.14846039,38.04373169,-1.532429814,68.09790802,-0.251906931,39.91950226,33.47370148,47.14868164,2.027142286,21.41806602
35.65454865,36.05621338,34.74893188,-1.530591369,63.29786682,-0.253699273,40.437397,33.40457535,40.83442688,1.932182074,14.89593315
36.23970032,36.19421005,35.74690628,-1.528454661,67.74362946,-0.264033556,39.80150604,33.57174301,43.54772568,1.903914452,15.92708302
38.30712891,36.62430573,29.00964737,-1.526157379,63.56938553,-0.256465673,39.79498291,34.07525253,37.4902916,1.656496167,12.01801586
38.5248642,36.62616348,35.01368713,-1.523860216,70.08463287,-0.238986254,40.25845718,34.12301254,39.59519958,1.730926514,12.95838356
34.8810463,36.07429123,38.90971756,-1.521562934,75.40507507,-0.245949075,39.57093048,33.32476425,30.30093002,1.381524324,-6.503472328
31.76584435,35.21162415,38.88350296,-1.519265652,67.45342255,-0.253182858,39.58985519,32.47068787,26.57014275,1.268974304,10.9128952
33.78831863,35.24835587,29.88797951,-1.516968369,57.38570404,-0.253182858,39.83347702,32.83050156,22.70264244,1.253481746,1.338687181
36.02059174,36.15673065,31.81333351,-1.514671087,74.09046936,-0.245949075,39.0259552,33.69947815,32.00688171,1.455851197,-9.135010719
36.56447983,36.23744965,29.46184921,-1.512373924,63.86600494,-0.253182858,39.88944626,33.7107048,27.99481392,1.292843938,-9.988414764
35.57804108,35.94596481,32.33154297,-1.52187264,60.24280548,-0.264847815,41.34944534,33.48617935,31.58637047,1.533033371,11.32639408
37.75360107,36.57751083,39.41925049,-1.534741759,80.12934113,-0.281756192,40.02763748,33.9732132,33.52186203,1.542967677,-2.026678562
36.39289093,36.01277924,34.73381805,-1.547610998,63.96846008,-0.296585649,40.44329834,33.44491959,30.43561745,1.52274406,16.51531601
34.8729248,35.8274765,32.01012039,-1.560480118,63.53343582,-0.30646354,39.62248993,33.15284348,27.10874557,1.262244582,-1.716914892
35.16834259,35.91756821,34.43080902,-1.573349357,71.87430573,-0.310506016,39.10271835,33.35297775,25.86692047,1.204550743,-6.966158867
34.77607346,35.72107315,27.59999466,-1.586218476,52.69273376,-0.31403172,41.21180725,33.22608185,21.14256287,1.125576854,3.200521708
34.00705338,35.65561295,31.39010429,-1.599087596,58.05122375,-0.326876998,40.4274025,33.21612549,23.36155128,1.174527287,3.924109936
34.17612076,35.68648911,32.80293655,-1.611956835,60.49985504,-0.329988837,40.33059311,33.17176819,21.74064827,1.179487586,6.07296896
33.80466843,35.46419144,27.75199509,-1.608541012,51.12225723,-0.336371511,41.23849487,32.89936829,20.19602394,1.160144448,30.38553429
37.67263794,36.51909637,27.70286751,-1.60348165,58.48868942,-0.336371511,40.29592133,33.91077805,29.80324173,1.395400047,14.70754337
38.27434158,36.47533417,29.11078262,-1.598422408,63.97117233,-0.336371511,39.80110931,34.02629089,30.76079941,1.462868333,4.823773384
35.42850113,35.8943367,33.71126175,-1.593363047,60.78943253,-0.338722497,41.38783646,33.35509109,23.57858849,1.203142524,4.616492748
34.02746964,35.57770157,27.49295425,-1.588303804,52.17375565,-0.327830762,40.79673004,33.1008873,22.11008835,1.144332647,10.59142971
33.530159,35.55471802,42.0399971,-1.583244443,85.17737579,-0.314670146,39.06171799,32.86325455,30.11646461,1.320161223,-8.871172905
36.85643768,36.28481293,29.54434013,-1.578185201,57.82794189,-0.311053246,40.17595673,33.71809769,39.73080444,1.840367198,11.83351898
37.01493454,36.16453552,29.55678368,-1.573207617,65.1593399,-0.307436347,39.31074905,33.77020264,43.62738037,1.777465343,13.79844284
36.38301086,36.05018616,26.27526665,-1.569987416,51.63124847,-0.300202549,41.32592773,33.46289825,30.78585815,1.52517128,8.59445858
36.46489334,36.27093124,30.93928528,-1.566767335,60.56495667,-0.29296875,40.51703644,33.6360321,28.24128532,1.321002245,1.390154362
30.97129631,34.88512421,34.53580856,-1.563547134,58.40224457,-0.285795778,40.58429718,32.31207657,17.4871254,1.043926477,20.21684647
34.62349319,35.8727417,30.94211578,-1.560327053,53.79125595,-0.278501153,40.67124176,33.28624725,27.57052994,1.271932602,22.80354118
36.20313263,36.02340317,28.00061798,-1.557106972,50.62730026,-0.278105766,41.12102127,33.5513649,30.56953239,1.518941998,45.82996368
33.56293106,35.75749588,25.27668953,-1.553886771,49.03063965,-0.274884254,41.314888,33.17953491,23.12580681,1.23994875,27.27216148
35.33004379,36.43379211,40.25059891,-1.55066669,80.57002258,-0.272695869,39.80731583,33.814991,27.6042366,1.242775917,-10.62361813
36.08146667,35.96986389,31.278759,-1.549705982,55.65314484,-0.282118052,40.96835709,33.49534225,21.6444664,1.197580695,26.35739708
37.78120041,36.66285324,34.83755875,-1.558904767,68.15164948,-0.302733898,40.1600914,34.09517288,31.03149605,1.375287652,10.34152126
35.33159256,35.80475235,22.54876137,-1.568103552,46.52080154,-0.326695919,40.24485016,33.30340576,22.79905319,1.205574155,25.21334839
35.43902588,35.98941803,29.48978043,-1.577302217,58.17773056,-0.34360531,40.46208572,33.42681885,30.26258659,1.444545269,11.42470074
33.97871399,35.64762878,27.27607727,-1.586501002,52.98154831,-0.33836028,41.39432907,33.08466721,24.19774818,1.227809668,17.3429718
35.48031616,36.10714722,37.5729332,-1.595699668,62.65525818,-0.34360531,41.06855392,33.57814026,31.17702103,1.442123532,18.76525116
37.25629807,36.18698502,32.59619904,-1.604898453,62.34809113,-0.347222209,40.59379578,33.68576431,54.10899734,2.24703598,-2.013094664
35.58274841,35.80078888,33.93240356,-1.614097238,65.03358459,-0.335648119,40.0825386,33.25811386,49.71873474,2.143668652,17.7918644
36.0060463,35.75315094,32.6659584,-1.617884994,61.61385727,-0.3297759,39.98867798,33.17231369,46.16641617,2.064521313,19.30020523
34.13195801,35.55001831,31.07170105,-1.610070109,63.33188629,-0.325520813,39.74879456,32.96488571,40.89987183,1.848157883,10.65033245
34.25515366,35.62355042,32.89570618,-1.602255344,55.72916412,-0.314670146,41.81096268,32.91963196,32.57148361,1.707872868,12.97365093
33.70360565,35.41111755,36.59640884,-1.59444046,63.82378387,-0.30665341,40.68188095,32.97090912,30.96064758,1.407011747,-5.366386414
30.74940681,34.74036407,29.92710304,-1.586625695,52.30396271,-0.299928963,40.71953964,32.2075119,25.74432373,1.279898763,13.01307201
32.66108704,35.01720428,30.93006897,-1.578810811,59.23032379,-0.292758137,39.44170761,32.33557129,25.40034485,1.202857137,-2.051909685
34.0803299,35.48603821,23.89875984,-1.570996046,44.40139389,-0.289351851,41.53546906,32.96250534,27.77292442,1.353482246,28.04165649
36.13129044,36.01736832,29.05460167,-1.563181162,58.20065689,-0.282118052,41.57457352,33.55918121,32.4830513,1.616331458,4.858463287
34.56299973,35.51448441,31.17393112,-1.556812644,55.49406815,-0.278591603,41.07621765,33.06691742,31.39954948,1.502797604,16.71440125
31.54540443,34.94110489,35.2868576,-1.552211642,58.95545197,-0.278501153,40.63796234,32.34426117,27.15701103,1.346953988,23.59294891
31.61447334,35.05862427,24.19952202,-1.547610641,46.5675621,-0.278501153,40.81880951,32.56799698,28.37890625,1.405841351,17.71244431
31.34175873,35.13816833,24.62103271,-1.543009639,47.27656555,-0.278501153,40.10171127,32.62513351,29.31132698,1.403506279,24.1291008
32.32523727,35.14964676,27.27040482,-1.538408637,53.19545364,-0.274884254,40.61728668,32.75658417,30.67955971,1.435164928,21.0594101
30.91378403,34.8288765,30.34090996,-1.533807635,53.7832756,-0.264033556,40.93284607,32.32936859,29.20032692,1.418781757,7.580913544
33.54948044,35.30649185,31.3320961,-1.529206634,57.9632225,-0.260416657,39.84363556,32.72525406,20.99969292,1.125093699,10.15605259
33.28841019,35.73484039,32.42534256,-1.524605632,57.23761749,-0.256799757,40.76599503,33.16743469,24.54125595,1.257262468,13.98686314
35.44667435,36.00873184,33.68215942,-1.525428891,66.14583588,-0.256799757,39.75995255,33.42765045,28.30793571,1.282121897,12.35260963
35.15022278,35.98404312,30.33813095,-1.530038834,63.26372147,-0.269078135,39.51026917,33.30773544,26.31381607,1.212945223,-2.512531996
35.45133972,36.01846313,35.24643326,-1.534648776,65.96665955,-0.281357825,41.17634201,33.44196701,27.6957016,1.271067023,8.759995461
36.88323975,36.42510223,26.34402847,-1.539258718,51.56975555,-0.289351851,41.39513397,33.83652878,26.23935318,1.251136661,-1.868352771
33.97331619,35.57663345,34.94426346,-1.543868661,65.86166382,-0.289351851,39.57674789,33.13010788,26.91525459,1.27616775,3.454740763
36.39260864,36.15540695,26.9917202,-1.548478603,53.85678864,-0.282118052,40.67773819,33.69353867,28.14374733,1.317822218,17.24343491
31.5832119,35.34378433,44.56415176,-1.553088546,81.45358276,-0.271267354,38.95759964,32.57219315,19.59403801,1.039069772,5.777929783
34.53983307,35.90205765,30.91641235,-1.557698488,59.23522568,-0.275887281,40.37371445,33.33031464,22.31379318,1.17577672,22.76613426
35.0305748,35.91796875,33.65974808,-1.558883071,68.26005554,-0.282118052,39.98278046,33.27126312,23.40567207,1.161992311,-0.000755301
36.53872299,36.53291702,39.77664185,-1.558883071,81.51677704,-0.289351851,39.49226761,33.94815445,36.44020844,1.582293987,-5.490784168
38.03984451,36.66160202,33.00603867,-1.558883071,72.43743134,-0.282118052,39.57202911,34.11030579,34.85488129,1.484730244,-19.01525879
36.22685623,36.16601181,37.64707184,-1.558883071,67.25930786,-0.282118052,40.27260208,33.44422913,29.46500397,1.438436627,26.12684631
36.88012314,36.01852036,31.51189041,-1.558883071,65.25793457,-0.278501153,39.81837082,33.48552322,28.63379288,1.333550572,-4.110508919
37.04174423,36.25156784,30.92455482,-1.558883071,59.34606552,-0.274884254,41.02193832,33.6610527,31.14238548,1.49501431,15.1619978
36.22805405,36.04882813,32.24061966,-1.558883071,65.13311005,-0.274884254,39.54358673,33.46160889,35.97410965,1.619846821,5.068762302
34.87951279,35.50253677,31.48278236,-1.558883071,58.21677017,-0.274884254,40.80702591,32.92777634,31.613451,1.670207858,15.82282352
38.10825348,36.60053253,30.9072628,-1.559293389,63.84764099,-0.277072281,40.16539001,33.87586212,33.56137085,1.554762244,-0.460409403
37.65645599,36.10921478,34.05172348,-1.559754133,70.2976532,-0.278501153,39.54389191,33.47189331,31.97809601,1.510036826,0.68787086
34.14368057,35.77057266,36.99737167,-1.560214996,73.49972534,-0.280628622,39.35549927,33.11282349,28.59874344,1.335291982,6.542506695
35.05374146,35.80573273,29.27605629,-1.560675859,57.96414948,-0.274884254,40.46603775,33.11067963,26.79304123,1.267373681,3.276133537
32.95663834,35.25394821,38.38051605,-1.561136723,62.43550873,-0.274884254,40.91790771,32.69203186,19.96536446,1.120325565,8.467799187
34.12043762,35.45170212,34.91032028,-1.561597586,59.59427261,-0.289351851,40.42160416,32.86867905,20.96708107,1.166184902,11.41410542
33.85516739,35.56538391,24.04485893,-1.56205833,46.27695465,-0.296585649,40.27057266,33.11275101,24.38408661,1.266620398,27.94847488
36.70040131,36.2584877,30.36029243,-1.562653184,63.85995102,-0.289351851,39.65572739,33.72145462,31.12083435,1.49787271,21.71669388
33.6619606,35.29233932,38.06502533,-1.566329479,67.89024353,-0.289351851,40.35976028,32.62906647,26.56220627,1.240967751,22.34015656
35.58721542,36.17854691,40.92225647,-1.570005655,70.31511688,-0.29296875,40.87924957,33.44616318,22.9966526,1.194675922,16.90835953
37.51076508,36.39170837,35.63542175,-1.573681951,68.16771698,-0.298544943,40.42316055,33.71589279,31.4959259,1.424713135,-8.191807747
20.42318726,32.92935562,42.78291321,-1.577358246,64.57971191,-0.303302318,39.52347946,30.16717148,7.692206383,0.586656213,-4.052014351
36.0114212,36.20426559,34.79164886,-1.581034422,73.1452713,-0.31322372,39.04051208,33.6080246,35.85966873,1.586358905,3.828497648
34.19616699,35.60721588,29.23928833,-1.584710717,55.49403381,-0.307436347,40.74251556,32.88955307,30.42016792,1.431879282,15.85285091
34.74648285,35.55754852,29.88316536,-1.588387012,60.08335876,-0.323089629,40.5216713,33.00721741,22.01861191,1.175250053,-1.971819878
34.35350418,35.68978882,34.66820145,-1.590728283,61.68770981,-0.311053246,40.47018433,33.09640121,22.40738869,1.127300501,-3.39001298
34.92398071,35.44927597,35.95940781,-1.58659029,61.54412079,-0.311053246,40.54864502,32.82413864,23.64398193,1.247755527,21.71419716
35.81244278,36.11025238,28.66506577,-1.582452297,57.92884827,-0.313735902,39.83468246,33.59057236,29.53686523,1.443096995,-2.260653257
33.08357239,35.42256927,27.74799156,-1.578314424,55.63129807,-0.307436347,40.18412018,32.93703461,21.99124908,1.152791381,6.594684601
32.76948547,35.02658463,23.49681664,-1.574176431,41.22540283,-0.295825809,41.33935165,32.5846405,20.95038795,1.105623841,34.19470596
35.89159393,35.74957657,32.38165665,-1.570038438,60.51914597,-0.289351851,40.49477768,33.16792297,20.59607887,1.045678616,-2.771653175
35.39202881,35.86025238,26.88440323,-1.565900445,51.15442657,-0.28154552,40.93836975,33.36885834,25.40638351,1.237058282,11.17502022
35.93344498,36.02328491,31.50921059,-1.561762452,65.27134705,-0.278501153,39.72732925,33.32774734,28.94028664,1.309954286,-6.051865578
36.61537933,36.17622375,32.33698654,-1.556369901,68.46846771,-0.282118052,39.41889191,33.60375214,29.66955757,1.322539568,-2.15152812
36.06838608,35.77577591,37.02005005,-1.548107147,71.03987122,-0.282118052,39.47855377,33.17630386,38.17006302,1.712150693,20.62509727
35.95834351,35.60441208,37.57603455,-1.539844275,64.46559143,-0.282118052,40.604599,33.07786942,35.76145935,1.8363657,0.3934443
32.79521942,34.04154968,29.93992233,-1.531581402,50.89337158,-0.271267354,40.93330765,31.55215645,25.63500786,1.380357265,4.993961334
35.25765228,35.74615097,31.9389267,-1.523318648,54.93668365,-0.256799757,41.29600143,33.22224426,30.44343185,1.528076649,10.36859894
38.39633942,34.42694855,33.48513412,-1.515055776,54.83215714,-0.245949075,40.93301392,31.83603477,28.43901443,1.516966701,4.958811283
30.89439583,35.05195999,31.88690186,-1.506792903,50.22070313,-0.242332175,41.46718216,32.52612686,20.65146065,1.268935561,20.13459396
33.28400803,33.91295242,37.80047989,-1.498530149,58.68778992,-0.245436504,40.82086563,31.29637909,16.21348953,1.036720634,-1.312855005
38.34302139,35.66218567,30.41783333,-1.495341659,54.79600525,-0.245315984,41.2734642,33.17002106,22.66611862,1.219299078,6.147488594
33.87674713,34.51183319,33.63051605,-1.49901855,56.08053207,-0.256046146,41.32521057,31.94050407,14.7367363,0.97700119,2.224105358
37.39139175,36.00304031,33.24934769,-1.502695441,59.3961792,-0.253182858,41.15420151,33.44909668,22.10112953,1.201985836,7.444911957
36.88230515,35.7249527,30.12188148,-1.506372333,52.63747025,-0.256799757,41.68473434,33.17232513,19.51222801,1.111130238,18.4597683
33.47912598,35.36929703,30.54718208,-1.510049224,51.76058197,-0.253182858,41.62980652,32.81270599,20.42798424,1.216795921,30.29332161
35.76961136,36.13502502,28.14735603,-1.513726115,51.02332306,-0.250892043,41.58834457,33.73667908,22.81177711,1.227313638,18.32184029
35.20938873,36.10897827,36.86204529,-1.517403007,63.06116486,-0.256799757,41.28356934,33.61766434,29.34269333,1.486105084,10.63205528
34.17147446,34.59741211,32.07324219,-1.521079898,52.4667244,-0.260416657,41.45216751,32.10654068,17.39625549,1.080100536,10.69701481
36.03726578,35.93974686,33.02359772,-1.521693707,58.96053314,-0.258228481,41.07994843,33.47031021,18.12459183,1.098560691,-0.811337411
33.58640289,34.96125412,29.21907043,-1.51985693,48.7270813,-0.258879364,41.70910263,32.46448898,16.74687004,1.061855555,24.66716385
35.95553589,35.86761475,28.1144619,-1.518020034,50.73811722,-0.262375802,41.56386948,33.35679626,22.98921204,1.250378966,13.61667919
35.59355164,35.34767532,38.867939,-1.516183257,66.03007507,-0.260416657,40.46713638,32.49663544,24.01685715,1.264120936,-8.57377243
34.05131149,34.64180374,41.08333969,-1.514346361,67.59645081,-0.264396638,40.13219833,31.97927475,18.54080582,1.121807814,15.51915836
36.71974182,36.36466599,25.6403389,-1.512509584,53.78822708,-0.256799757,40.95261383,33.85923386,27.82728958,1.314593673,-0.113614321
31.53174591,34.383564,36.39609146,-1.510672688,58.25978088,-0.255353242,40.90221024,31.80442047,12.13586903,0.912966847,23.90894318
39.85858917,37.06378937,18.43305969,-1.508835912,41.55092621,-0.242332175,41.74062347,34.66581345,30.79447556,1.478529572,16.97581673